USERID;MAXV;MAXP;MAXWC;TRAIN_SIZE;TEST_SIZE;TRAIN_TIME;TEMP1;TEMP2;TEMP3;THEORY
15;1;5;3;190;1;0;0;0;7.147;:~ value(carne,V1).[-V1@1, V1] 
15;1;5;3;190;1;0;0;0;9.044;:~ value(carne,V1).[V1@5, V1] 
15;1;5;3;190;1;0;0;0;13.638;:~ value(verdure_e_ortaggi,V1).[V1@4, V1] 
15;1;5;3;190;1;0;0;0;14.062;:~ value(verdure_e_ortaggi,V1).[-V1@5, V1] 
15;1;5;3;190;1;0;0;0;9.177;:~ value(carne,V1).[-V1@5, V1] 
15;1;5;3;190;1;0;0;0;9.086;:~ value(carne,V1).[-V1@5, V1] 
15;1;5;3;190;1;0;0;0;9.843;:~ value(frittura,V1).[-V1@5, V1] 
15;1;5;3;190;1;0;0;0;13.428;:~ value(frittura,V1).[-V1@5, V1] 
15;1;5;3;190;1;0;0;0;14.194;:~ value(verdure_e_ortaggi,V1).[V1@5, V1] 
15;1;5;3;190;1;0;0;0;9.407;:~ value(carne,V1).[V1@1, V1] 
15;1;5;3;190;1;0;0;0;18.591;:~ value(verdure_e_ortaggi,V1).[V1@5, V1] 
15;1;5;3;190;1;0;0;0;10.128;:~ category(4).[-1@1] 
15;1;5;3;190;1;0;0;0;9.419;:~ value(carne,V1).[-V1@1, V1] 
15;1;5;3;190;1;0;0;0;14.134;:~ category(4).[-1@5] 
15;1;5;3;190;1;0;0;0;14.543;:~ value(frittura,V1).[-V1@5, V1] 
15;1;5;3;190;1;0;0;0;9.221;:~ value(carne,V1).[-V1@1, V1] 
15;1;5;3;190;1;0;0;0;9.213;:~ value(frittura,V1).[V1@5, V1] 
15;1;5;3;190;1;0;0;0;13.505;:~ value(verdure_e_ortaggi,V1).[V1@5, V1] 
15;1;5;3;190;1;0;0;0;18.541;:~ value(pasta,V1).[-V1@1, V1] 
15;1;5;3;190;1;0;0;0;14.524;:~ value(frittura,V1).[V1@1, V1] 
15;1;5;3;190;1;0;0;0;9.203;:~ value(carne,V1).[V1@1, V1] 
15;1;5;3;190;1;0;0;0;9.79;:~ value(carne,V1).[-V1@5, V1] 
15;1;5;3;190;1;0;0;0;9.07;:~ value(carne,V1).[-V1@1, V1] 
15;1;5;3;190;1;0;0;0;18.466;:~ value(pasta,V1).[V1@1, V1] 
15;1;5;3;190;1;0;0;0;8.814;:~ value(carne,V1).[-V1@5, V1] 
15;1;5;3;190;1;0;0;0;956.445;:~ value(frutta,V1), category(4).[V1@3, V1] 
15;1;5;3;190;1;0;0;0;9.183;:~ value(carne,V1).[-V1@1, V1] 
15;1;5;3;190;1;0;0;0;14.831;:~ value(verdure_e_ortaggi,V1).[-V1@5, V1] 
15;1;5;3;190;1;0;0;0;9.37;:~ value(carne,V1).[-V1@5, V1] 
15;1;5;3;190;1;0;0;0;8.922;:~ value(carne,V1).[-V1@5, V1] 
15;1;5;3;190;1;0;0;0;8.207;:~ value(carne,V1).[V1@1, V1] 
15;1;5;3;190;1;0;0;0;9.022;:~ value(carne,V1).[-V1@1, V1] 
15;1;5;3;190;1;0;0;0;9.288;:~ value(carne,V1).[-V1@5, V1] 
15;1;5;3;190;1;0;0;0;9.026;:~ value(carne,V1).[V1@5, V1] 
15;1;5;3;190;1;0;0;0;9.104;:~ value(carne,V1).[-V1@1, V1] 
15;1;5;3;190;1;0;0;0;9.07;:~ value(carne,V1).[V1@1, V1] 
15;1;5;3;190;1;0;0;0;12.647;:~ category(1).[-1@1] 
15;1;5;3;190;1;0;0;0;8.077;:~ value(carne,V1).[-V1@1, V1] 
15;1;5;3;190;1;0;0;0;18.623;:~ value(verdure_e_ortaggi,V1).[V1@5, V1] 
15;1;5;3;190;1;0;0;0;8.586;:~ value(carne,V1).[-V1@5, V1] 
15;1;5;3;190;1;0;0;0;13.249;:~ category(4).[-1@1] 
15;1;5;3;190;1;0;0;0;9.263;:~ value(carne,V1).[-V1@1, V1] 
15;1;5;3;190;1;0;0;0;13.921;:~ value(verdure_e_ortaggi,V1).[V1@5, V1] 
15;1;5;3;190;1;0;0;0;9.14;:~ value(carne,V1).[-V1@5, V1] 
15;1;5;3;190;1;0;0;0;9.396;:~ value(carne,V1).[-V1@5, V1] 
15;1;5;3;190;1;0;0;0;14.667;:~ category(4).[-1@5] 
15;1;5;3;190;1;0;0;0;14.412;:~ category(4).[-1@1] 
15;1;5;3;190;1;0;0;0;9.826;:~ value(carne,V1).[-V1@1, V1] 
15;1;5;3;190;1;0;0;0;14.507;:~ value(verdure_e_ortaggi,V1).[-V1@1, V1] 
15;1;5;3;190;1;0;0;0;10.282;:~ value(carne,V1).[-V1@1, V1] 
15;1;5;3;190;1;0;0;0;9.257;:~ value(carne,V1).[V1@5, V1] 
15;1;5;3;190;1;0;0;0;13.428;:~ value(verdure_e_ortaggi,V1).[-V1@5, V1] 
15;1;5;3;190;1;0;0;0;9.022;:~ value(carne,V1).[V1@5, V1] 
15;1;5;3;190;1;0;0;0;14.351;:~ value(carne,V1).[V1@1, V1] 
15;1;5;3;190;1;0;0;0;8.375;:~ value(carne,V1).[V1@5, V1] 
15;1;5;3;190;1;0;0;0;9.54;:~ value(carne,V1).[-V1@5, V1] 
15;1;5;3;190;1;0;0;0;14.377;:~ value(verdure_e_ortaggi,V1).[-V1@1, V1] 
15;1;5;3;190;1;0;0;0;10.835;:~ value(verdure_e_ortaggi,V1).[-V1@1, V1] 
15;1;5;3;190;1;0;0;0;6.833;:~ value(carne,V1).[-V1@5, V1] 
15;1;5;3;190;1;0;0;0;10.514;:~ category(4).[-1@5] 
15;1;5;3;190;1;0;0;0;6.976;:~ value(carne,V1).[-V1@5, V1] 
15;1;5;3;190;1;0;0;0;6.93;:~ value(carne,V1).[V1@5, V1] 
15;1;5;3;190;1;0;0;0;10.178;:~ value(verdure_e_ortaggi,V1).[-V1@1, V1] 
15;1;5;3;190;1;0;0;0;6.938;:~ value(carne,V1).[V1@1, V1] 
15;1;5;3;190;1;0;0;0;15.028;:~ category(1).[-1@5] 
15;1;5;3;190;1;0;0;0;6.916;:~ value(carne,V1).[-V1@1, V1] 
15;1;5;3;190;1;0;0;0;13.928;:~ value(erbe_spezie_e_condimenti,V1).[V1@1, V1] 
15;1;5;3;190;1;0;0;0;6.88;:~ value(carne,V1).[-V1@1, V1] 
15;1;5;3;190;1;0;0;0;6.99;:~ value(carne,V1).[-V1@1, V1] 
15;1;5;3;190;1;0;0;0;10.402;:~ category(4).[-1@1] 
15;1;5;3;190;1;0;0;0;7.024;:~ value(carne,V1).[V1@5, V1] 
15;1;5;3;190;1;0;0;0;10.292;:~ value(verdure_e_ortaggi,V1).[-V1@1, V1] 
15;1;5;3;190;1;0;0;0;7.059;:~ value(carne,V1).[V1@1, V1] 
15;1;5;3;190;1;0;0;0;10.311;:~ value(verdure_e_ortaggi,V1).[V1@5, V1] 
15;1;5;3;190;1;0;0;0;10.425;:~ category(4).[-1@1] 
15;1;5;3;190;1;0;0;0;10.356;:~ category(1).[-1@1] 
15;1;5;3;190;1;0;0;0;13.851;:~ category(4).[-1@5] 
15;1;5;3;190;1;0;0;0;7.004;:~ value(carne,V1).[-V1@5, V1] 
15;1;5;3;190;1;0;0;0;7.059;:~ value(carne,V1).[V1@1, V1] 
15;1;5;3;190;1;0;0;0;6.971;:~ value(carne,V1).[-V1@5, V1] 
15;1;5;3;190;1;0;0;0;10.434;:~ category(4).[-1@1] 
15;1;5;3;190;1;0;0;0;6.957;:~ value(frittura,V1).[-V1@5, V1] 
15;1;5;3;190;1;0;0;0;13.597;:~ value(erbe_spezie_e_condimenti,V1).[V1@1, V1] 
15;1;5;3;190;1;0;0;0;6.946;:~ value(carne,V1).[-V1@1, V1] 
15;1;5;3;190;1;0;0;0;7.063;:~ value(carne,V1).[-V1@1, V1] 
15;1;5;3;190;1;0;0;0;10.482;:~ category(1).[-1@1] 
15;1;5;3;190;1;0;0;0;7.015;:~ value(carne,V1).[-V1@5, V1] 
15;1;5;3;190;1;0;0;0;7.022;:~ value(carne,V1).[-V1@5, V1] 
15;1;5;3;190;1;0;0;0;6.798;:~ value(carne,V1).[V1@5, V1] 
15;1;5;3;190;1;0;0;0;17.327;:~ value(erbe_spezie_e_condimenti,V1).[-V1@1, V1] 
15;1;5;3;190;1;0;0;0;6.923;:~ value(carne,V1).[V1@5, V1] 
15;1;5;3;190;1;0;0;0;7.133;:~ value(carne,V1).[V1@1, V1] 
15;1;5;3;190;1;0;0;0;7.086;:~ value(carne,V1).[-V1@5, V1] 
3;1;5;3;190;1;0;0;0;6.967;:~ value(carne,V1).[-V1@5, V1] 
3;1;5;3;190;1;0;0;0;6.935;:~ value(carne,V1).[-V1@1, V1] 
3;1;5;3;190;1;0;0;0;10.491;:~ category(4).[-1@1] 
3;1;5;3;190;1;0;0;0;11.271;:~ value(verdure_e_ortaggi,V1).[-V1@1, V1] 
3;1;5;3;190;1;0;0;0;11.535;:~ value(verdure_e_ortaggi,V1).[V1@1, V1] 
3;1;5;3;190;1;0;0;0;14.48;:~ value(latticini,V1).[V1@1, V1] 
3;1;5;3;190;1;0;0;0;8.625;:~ value(carne,V1).[-V1@1, V1] 
3;1;5;3;190;1;0;0;0;9.478;:~ value(carne,V1).[-V1@1, V1] 
3;1;5;3;190;1;0;0;0;8.889;:~ value(carne,V1).[-V1@5, V1] 
3;1;5;3;190;1;0;0;0;9.647;:~ value(carne,V1).[V1@1, V1] 
3;1;5;3;190;1;0;0;0;18.958;:~ category(4).[1@1] 
3;1;5;3;190;1;0;0;0;14.297;:~ value(latticini,V1).[V1@3, V1] 
3;1;5;3;190;1;0;0;0;9.349;:~ value(carne,V1).[V1@1, V1] 
3;1;5;3;190;1;0;0;0;9.327;:~ value(carne,V1).[-V1@1, V1] 
3;1;5;3;190;1;0;0;0;14.195;:~ value(latticini,V1).[V1@1, V1] 
3;1;5;3;190;1;0;0;0;19.256;:~ value(verdure_e_ortaggi,V1).[-V1@5, V1] 
3;1;5;3;190;1;0;0;0;18.787;:~ value(erbe_spezie_e_condimenti,V1).[-V1@1, V1] 
3;1;5;3;190;1;0;0;0;10.277;:~ value(carne,V1).[-V1@1, V1] 
3;1;5;3;190;1;0;0;0;9.706;:~ value(carne,V1).[V1@1, V1] 
3;1;5;3;190;1;0;0;0;9.196;:~ value(carne,V1).[-V1@1, V1] 
3;1;5;3;190;1;0;0;0;18.399;:~ value(carne,V1).[-V1@4, V1] 
3;1;5;3;190;1;0;0;0;9.57;:~ value(carne,V1).[V1@5, V1] 
3;1;5;3;190;1;0;0;0;9.663;:~ value(carne,V1).[V1@5, V1] 
3;1;5;3;190;1;0;0;0;9.272;:~ value(carne,V1).[-V1@1, V1] 
3;1;5;3;190;1;0;0;0;9.162;:~ value(carne,V1).[V1@5, V1] 
3;1;5;3;190;1;0;0;0;13.748;:~ category(4).[1@5] 
3;1;5;3;190;1;0;0;0;9.279;:~ value(carne,V1).[V1@1, V1] 
3;1;5;3;190;1;0;0;0;9.692;:~ value(carne,V1).[V1@1, V1] 
3;1;5;3;190;1;0;0;0;18.465;:~ value(latticini,V1).[V1@1, V1] 
3;1;5;3;190;1;0;0;0;13.491;:~ value(frittura,V1).[V1@1, V1] 
3;1;5;3;190;1;0;0;0;14.223;:~ value(latticini,V1).[V1@1, V1] 
3;1;5;3;190;1;0;0;0;13.958;:~ category(4).[1@5] 
3;1;5;3;190;1;0;0;0;9.11;:~ value(carne,V1).[V1@1, V1] 
3;1;5;3;190;1;0;0;0;9.646;:~ value(carne,V1).[V1@5, V1] 
3;1;5;3;190;1;0;0;0;9.085;:~ value(carne,V1).[-V1@5, V1] 
3;1;5;3;190;1;0;0;0;9.222;:~ value(carne,V1).[V1@5, V1] 
3;1;5;3;190;1;0;0;0;23.704;:~ category(1).[1@1] 
3;1;5;3;190;1;0;0;0;9.235;:~ value(carne,V1).[-V1@5, V1] 
3;1;5;3;190;1;0;0;0;19.628;:~ value(pasta,V1).[-V1@1, V1] 
3;1;5;3;190;1;0;0;0;13.579;:~ value(verdure_e_ortaggi,V1).[V1@1, V1] 
3;1;5;3;190;1;0;0;0;9.358;:~ value(carne,V1).[V1@5, V1] 
3;1;5;3;190;1;0;0;0;9.897;:~ value(carne,V1).[-V1@1, V1] 
3;1;5;3;190;1;0;0;0;9.323;:~ value(carne,V1).[-V1@1, V1] 
3;1;5;3;190;1;0;0;0;9.256;:~ value(carne,V1).[-V1@1, V1] 
3;1;5;3;190;1;0;0;0;9.251;:~ value(carne,V1).[V1@1, V1] 
3;1;5;3;190;1;0;0;0;9.352;:~ value(carne,V1).[V1@1, V1] 
3;1;5;3;190;1;0;0;0;13.376;:~ value(latticini,V1).[V1@1, V1] 
3;1;5;3;190;1;0;0;0;18.256;:~ value(pasta,V1).[V1@5, V1] 
3;1;5;3;190;1;0;0;0;9.142;:~ value(carne,V1).[V1@5, V1] 
3;1;5;3;190;1;0;0;0;18.457;:~ value(verdure_e_ortaggi,V1).[V1@5, V1] 
3;1;5;3;190;1;0;0;0;9.198;:~ value(carne,V1).[V1@1, V1] 
3;1;5;3;190;1;0;0;0;18.722;:~ value(pasta,V1).[V1@2, V1] 
3;1;5;3;190;1;0;0;0;18.528;:~ value(verdure_e_ortaggi,V1).[V1@1, V1] 
3;1;5;3;190;1;0;0;0;9.215;:~ value(carne,V1).[V1@1, V1] 
3;1;5;3;190;1;0;0;0;9.464;:~ value(carne,V1).[-V1@5, V1] 
3;1;5;3;190;1;0;0;0;9.387;:~ value(carne,V1).[-V1@1, V1] 
3;1;5;3;190;1;0;0;0;9.495;:~ value(carne,V1).[-V1@1, V1] 
3;1;5;3;190;1;0;0;0;13.918;:~ value(verdure_e_ortaggi,V1).[V1@1, V1] 
3;1;5;3;190;1;0;0;0;9.217;:~ value(carne,V1).[V1@1, V1] 
3;1;5;3;190;1;0;0;0;14.802;:~ value(verdure_e_ortaggi,V1).[V1@1, V1] 
3;1;5;3;190;1;0;0;0;18.994;:~ category(4).[-1@5] 
3;1;5;3;190;1;0;0;0;18.441;:~ value(erbe_spezie_e_condimenti,V1).[V1@1, V1] 
3;1;5;3;190;1;0;0;0;9.855;:~ value(carne,V1).[V1@1, V1] 
3;1;5;3;190;1;0;0;0;9.772;:~ value(carne,V1).[-V1@1, V1] 
3;1;5;3;190;1;0;0;0;13.887;:~ value(pasta,V1).[-V1@1, V1] 
3;1;5;3;190;1;0;0;0;9.51;:~ value(carne,V1).[-V1@5, V1] 
3;1;5;3;190;1;0;0;0;14.733;:~ value(verdure_e_ortaggi,V1).[V1@5, V1] 
3;1;5;3;190;1;0;0;0;19.301;:~ value(verdure_e_ortaggi,V1).[V1@5, V1] 
3;1;5;3;190;1;0;0;0;9.373;:~ value(carne,V1).[V1@5, V1] 
3;1;5;3;190;1;0;0;0;9.695;:~ value(carne,V1).[-V1@5, V1] 
3;1;5;3;190;1;0;0;0;9.333;:~ value(carne,V1).[V1@1, V1] 
3;1;5;3;190;1;0;0;0;9.998;:~ value(carne,V1).[-V1@1, V1] 
3;1;5;3;190;1;0;0;0;9.005;:~ value(carne,V1).[-V1@5, V1] 
3;1;5;3;190;1;0;0;0;9.374;:~ value(carne,V1).[V1@5, V1] 
3;1;5;3;190;1;0;0;0;9.304;:~ value(carne,V1).[-V1@5, V1] 
3;1;5;3;190;1;0;0;0;14.095;:~ value(verdure_e_ortaggi,V1).[-V1@1, V1] 
3;1;5;3;190;1;0;0;0;14.244;:~ value(verdure_e_ortaggi,V1).[V1@5, V1] 
3;1;5;3;190;1;0;0;0;9.391;:~ value(carne,V1).[V1@1, V1] 
3;1;5;3;190;1;0;0;0;9.298;:~ value(carne,V1).[V1@1, V1] 
3;1;5;3;190;1;0;0;0;8.721;:~ value(carne,V1).[-V1@1, V1] 
3;1;5;3;190;1;0;0;0;19.22;:~ value(pasta,V1).[-V1@5, V1] 
3;1;5;3;190;1;0;0;0;14.099;:~ category(1).[-1@2] 
3;1;5;3;190;1;0;0;0;9.064;:~ value(carne,V1).[V1@5, V1] 
3;1;5;3;190;1;0;0;0;9.421;:~ value(carne,V1).[V1@1, V1] 
3;1;5;3;190;1;0;0;0;13.676;:~ category(4).[1@1] 
3;1;5;3;190;1;0;0;0;8.037;:~ value(carne,V1).[V1@5, V1] 
3;1;5;3;190;1;0;0;0;14.163;:~ category(4).[1@1] 
3;1;5;3;190;1;0;0;0;13.904;:~ value(carne,V1).[V1@1, V1] 
3;1;5;3;190;1;0;0;0;9.388;:~ value(carne,V1).[V1@5, V1] 
3;1;5;3;190;1;0;0;0;8.705;:~ value(carne,V1).[V1@5, V1] 
3;1;5;3;190;1;0;0;0;9.115;:~ value(carne,V1).[-V1@1, V1] 
3;1;5;3;190;1;0;0;0;8.975;:~ value(carne,V1).[V1@5, V1] 
3;1;5;3;190;1;0;0;0;9.169;:~ value(carne,V1).[V1@1, V1] 
3;1;5;3;190;1;0;0;0;8.832;:~ value(verdure_e_ortaggi,V1).[-V1@5, V1] 
3;1;5;3;190;1;0;0;0;8.966;:~ value(carne,V1).[-V1@5, V1] 
3;1;5;3;190;1;0;0;0;9.397;:~ value(carne,V1).[V1@5, V1] 
3;1;5;3;190;1;0;0;0;8.082;:~ value(carne,V1).[V1@5, V1] 
3;1;5;3;190;1;0;0;0;9.535;:~ value(carne,V1).[V1@5, V1] 
3;1;5;3;190;1;0;0;0;17.556;:~ value(verdure_e_ortaggi,V1).[-V1@1, V1] 
32;1;5;3;190;1;0;0;0;9.179;:~ value(carne,V1).[-V1@5, V1] 
32;1;5;3;190;1;0;0;0;9.181;:~ value(carne,V1).[-V1@5, V1] 
32;1;5;3;190;1;0;0;0;9.252;:~ value(carne,V1).[-V1@1, V1] 
32;1;5;3;190;1;0;0;0;19.6;:~ value(frittura,V1).[V1@5, V1] 
32;1;5;3;190;1;0;0;0;9.063;:~ value(carne,V1).[-V1@5, V1] 
32;1;5;3;190;1;0;0;0;9.649;:~ value(carne,V1).[V1@5, V1] 
32;1;5;3;190;1;0;0;0;14.347;:~ category(1).[-1@1] 
32;1;5;3;190;1;0;0;0;13.737;:~ value(frutta,V1).[-V1@1, V1] 
32;1;5;3;190;1;0;0;0;19.239;:~ category(4).[1@1] 
32;1;5;3;190;1;0;0;0;9.023;:~ value(carne,V1).[-V1@1, V1] 
32;1;5;3;190;1;0;0;0;14.558;:~ value(verdure_e_ortaggi,V1).[-V1@5, V1] 
32;1;5;3;190;1;0;0;0;9.214;:~ value(carne,V1).[V1@1, V1] 
32;1;5;3;190;1;0;0;0;9.198;:~ value(carne,V1).[-V1@5, V1] 
32;1;5;3;190;1;0;0;0;9.755;:~ value(carne,V1).[-V1@1, V1] 
32;1;5;3;190;1;0;0;0;9.188;:~ value(carne,V1).[-V1@1, V1] 
32;1;5;3;190;1;0;0;0;15.616;:~ value(verdure_e_ortaggi,V1).[V1@5, V1] 
32;1;5;3;190;1;0;0;0;13.79;:~ value(verdure_e_ortaggi,V1).[-V1@5, V1] 
32;1;5;3;190;1;0;0;0;9.216;:~ value(carne,V1).[-V1@1, V1] 
32;1;5;3;190;1;0;0;0;9.334;:~ value(carne,V1).[-V1@1, V1] 
32;1;5;3;190;1;0;0;0;13.035;:~ value(verdure_e_ortaggi,V1).[-V1@1, V1] 
32;1;5;3;190;1;0;0;0;9.151;:~ value(verdure_e_ortaggi,V1).[-V1@5, V1] 
32;1;5;3;190;1;0;0;0;20.287;:~ value(farinacei,V1).[-V1@1, V1] 
32;1;5;3;190;1;0;0;0;9.938;:~ value(carne,V1).[V1@1, V1] 
32;1;5;3;190;1;0;0;0;13.902;:~ value(frittura,V1).[-V1@5, V1] 
32;1;5;3;190;1;0;0;0;13.22;:~ category(4).[-1@1] 
32;1;5;3;190;1;0;0;0;13.288;:~ value(frittura,V1).[-V1@5, V1] 
32;1;5;3;190;1;0;0;0;8.808;:~ value(carne,V1).[-V1@5, V1] 
32;1;5;3;190;1;0;0;0;9.209;:~ category(4).[-1@5] 
32;1;5;3;190;1;0;0;0;12.91;:~ category(4).[1@5] 
32;1;5;3;190;1;0;0;0;8.99;:~ value(carne,V1).[-V1@1, V1] 
32;1;5;3;190;1;0;0;0;10.29;:~ value(carne,V1).[-V1@5, V1] 
32;1;5;3;190;1;0;0;0;8.43;:~ value(carne,V1).[V1@5, V1] 
32;1;5;3;190;1;0;0;0;9.297;:~ value(carne,V1).[V1@1, V1] 
32;1;5;3;190;1;0;0;0;19.15;:~ category(4).[-1@1] 
32;1;5;3;190;1;0;0;0;14.025;:~ value(verdure_e_ortaggi,V1).[-V1@5, V1] 
32;1;5;3;190;1;0;0;0;8.313;:~ value(carne,V1).[V1@5, V1] 
32;1;5;3;190;1;0;0;0;8.991;:~ value(carne,V1).[V1@5, V1] 
32;1;5;3;190;1;0;0;0;13.411;:~ value(verdure_e_ortaggi,V1).[-V1@1, V1] 
32;1;5;3;190;1;0;0;0;17.716;:~ value(verdure_e_ortaggi,V1).[V1@1, V1] 
32;1;5;3;190;1;0;0;0;9.42;:~ value(verdure_e_ortaggi,V1).[V1@1, V1] 
32;1;5;3;190;1;0;0;0;8.576;:~ value(carne,V1).[-V1@5, V1] 
32;1;5;3;190;1;0;0;0;8.241;:~ value(carne,V1).[-V1@5, V1] 
32;1;5;3;190;1;0;0;0;8.346;:~ value(carne,V1).[V1@1, V1] 
32;1;5;3;190;1;0;0;0;12.675;:~ category(4).[-1@1] 
32;1;5;3;190;1;0;0;0;13.202;:~ category(4).[1@2] 
32;1;5;3;190;1;0;0;0;9.338;:~ value(carne,V1).[-V1@5, V1] 
32;1;5;3;190;1;0;0;0;14.336;:~ category(1).[1@1] 
32;1;5;3;190;1;0;0;0;444.376;:~ value(carne,V1).[V1@1, V1] 
32;1;5;3;190;1;0;0;0;14.525;:~ value(verdure_e_ortaggi,V1).[-V1@1, V1] 
32;1;5;3;190;1;0;0;0;9.284;:~ value(carne,V1).[-V1@5, V1] 
32;1;5;3;190;1;0;0;0;125855;:~ value(latticini,V1).[V1@1, V1] :~ value(farinacei,V1).[-V1@5, V1] :~ value(verdure_e_ortaggi,V1).[-V1@2, V1] 
32;1;5;3;190;1;0;0;0;6.952;:~ value(carne,V1).[V1@1, V1] 
32;1;5;3;190;1;0;0;0;6.965;:~ value(carne,V1).[V1@1, V1] 
32;1;5;3;190;1;0;0;0;6.916;:~ value(carne,V1).[-V1@5, V1] 
32;1;5;3;190;1;0;0;0;10.446;:~ value(frittura,V1).[-V1@5, V1] 
32;1;5;3;190;1;0;0;0;16.885;:~ value(latticini,V1).[-V1@5, V1] 
32;1;5;3;190;1;0;0;0;6.919;:~ value(carne,V1).[-V1@1, V1] 
32;1;5;3;190;1;0;0;0;6.937;:~ value(carne,V1).[-V1@1, V1] 
32;1;5;3;190;1;0;0;0;10.514;:~ value(frittura,V1).[-V1@5, V1] 
32;1;5;3;190;1;0;0;0;7.059;:~ value(carne,V1).[-V1@5, V1] 
32;1;5;3;190;1;0;0;0;10.477;:~ category(1).[-1@1] 
32;1;5;3;190;1;0;0;0;10.374;:~ value(verdure_e_ortaggi,V1).[V1@5, V1] 
32;1;5;3;190;1;0;0;0;7.018;:~ value(carne,V1).[-V1@5, V1] 
32;1;5;3;190;1;0;0;0;10.539;:~ category(4).[-1@1] 
32;1;5;3;190;1;0;0;0;20.444;:~ value(verdure_e_ortaggi,V1).[-V1@1, V1] 
32;1;5;3;190;1;0;0;0;6.977;:~ value(carne,V1).[V1@5, V1] 
32;1;5;3;190;1;0;0;0;10.465;:~ category(4).[1@5] 
32;1;5;3;190;1;0;0;0;6.951;:~ value(carne,V1).[-V1@1, V1] 
32;1;5;3;190;1;0;0;0;6.903;:~ value(carne,V1).[V1@1, V1] 
32;1;5;3;190;1;0;0;0;6.859;:~ value(carne,V1).[V1@1, V1] 
32;1;5;3;190;1;0;0;0;7.424;:~ value(carne,V1).[-V1@5, V1] 
32;1;5;3;190;1;0;0;0;14.003;:~ category(1).[-1@5] 
32;1;5;3;190;1;0;0;0;6.864;:~ value(carne,V1).[V1@1, V1] 
32;1;5;3;190;1;0;0;0;6.862;:~ value(carne,V1).[-V1@5, V1] 
32;1;5;3;190;1;0;0;0;6.87;:~ value(carne,V1).[V1@1, V1] 
32;1;5;3;190;1;0;0;0;6.914;:~ value(carne,V1).[-V1@5, V1] 
32;1;5;3;190;1;0;0;0;6.868;:~ value(carne,V1).[V1@5, V1] 
32;1;5;3;190;1;0;0;0;6.933;:~ value(carne,V1).[-V1@1, V1] 
32;1;5;3;190;1;0;0;0;6.968;:~ value(carne,V1).[V1@1, V1] 
32;1;5;3;190;1;0;0;0;7.052;:~ value(carne,V1).[-V1@1, V1] 
32;1;5;3;190;1;0;0;0;10.495;:~ category(4).[-1@1] 
32;1;5;3;190;1;0;0;0;7.006;:~ value(carne,V1).[V1@1, V1] 
7;1;5;3;190;1;0;0;0;8.19;:~ value(carne,V1).[V1@1, V1] 
7;1;5;3;190;1;0;0;0;8.283;:~ value(carne,V1).[-V1@5, V1] 
7;1;5;3;190;1;0;0;0;21.368;:~ value(erbe_spezie_e_condimenti,V1).[V1@1, V1] 
7;1;5;3;190;1;0;0;0;8.251;:~ value(carne,V1).[-V1@1, V1] 
7;1;5;3;190;1;0;0;0;8.202;:~ value(carne,V1).[-V1@1, V1] 
7;1;5;3;190;1;0;0;0;8.348;:~ value(carne,V1).[V1@5, V1] 
7;1;5;3;190;1;0;0;0;9.5;:~ value(carne,V1).[V1@1, V1] 
7;1;5;3;190;1;0;0;0;8.134;:~ value(carne,V1).[V1@5, V1] 
7;1;5;3;190;1;0;0;0;8.158;:~ value(carne,V1).[V1@5, V1] 
7;1;5;3;190;1;0;0;0;12.603;:~ category(3).[-1@1] 
7;1;5;3;190;1;0;0;0;8.441;:~ value(carne,V1).[-V1@1, V1] 
7;1;5;3;190;1;0;0;0;8.149;:~ value(verdure_e_ortaggi,V1).[V1@5, V1] 
7;1;5;3;190;1;0;0;0;8.377;:~ value(carne,V1).[-V1@5, V1] 
7;1;5;3;190;1;0;0;0;8.48;:~ value(carne,V1).[V1@1, V1] 
7;1;5;3;190;1;0;0;0;8.437;:~ value(carne,V1).[-V1@5, V1] 
7;1;5;3;190;1;0;0;0;8.246;:~ value(carne,V1).[V1@1, V1] 
7;1;5;3;190;1;0;0;0;8.489;:~ value(carne,V1).[V1@5, V1] 
7;1;5;3;190;1;0;0;0;8.981;:~ value(carne,V1).[-V1@5, V1] 
7;1;5;3;190;1;0;0;0;8.683;:~ value(carne,V1).[-V1@1, V1] 
7;1;5;3;190;1;0;0;0;13.456;:~ category(4).[1@5] 
7;1;5;3;190;1;0;0;0;8.7;:~ value(carne,V1).[-V1@5, V1] 
7;1;5;3;190;1;0;0;0;8.362;:~ value(carne,V1).[V1@5, V1] 
7;1;5;3;190;1;0;0;0;8.349;:~ value(carne,V1).[V1@5, V1] 
7;1;5;3;190;1;0;0;0;8.582;:~ value(carne,V1).[V1@1, V1] 
7;1;5;3;190;1;0;0;0;8.245;:~ value(carne,V1).[V1@1, V1] 
7;1;5;3;190;1;0;0;0;12.739;:~ value(frittura,V1).[-V1@5, V1] 
7;1;5;3;190;1;0;0;0;8.423;:~ value(carne,V1).[-V1@1, V1] 
7;1;5;3;190;1;0;0;0;16.389;:~ value(pasta,V1).[-V1@5, V1] 
7;1;5;3;190;1;0;0;0;18.391;:~ value(verdure_e_ortaggi,V1).[V1@1, V1] 
7;1;5;3;190;1;0;0;0;8.336;:~ value(carne,V1).[V1@5, V1] 
7;1;5;3;190;1;0;0;0;8.471;:~ value(carne,V1).[-V1@5, V1] 
7;1;5;3;190;1;0;0;0;12.802;:~ category(4).[-1@1] 
7;1;5;3;190;1;0;0;0;8.212;:~ value(carne,V1).[-V1@5, V1] 
7;1;5;3;190;1;0;0;0;8.725;:~ value(carne,V1).[V1@1, V1] 
7;1;5;3;190;1;0;0;0;16.569;:~ value(verdure_e_ortaggi,V1).[V1@5, V1] 
7;1;5;3;190;1;0;0;0;12.715;:~ category(3).[-1@1] 
7;1;5;3;190;1;0;0;0;17.367;:~ value(forno,V1).[-V1@5, V1] 
7;1;5;3;190;1;0;0;0;9.034;:~ value(carne,V1).[V1@5, V1] 
7;1;5;3;190;1;0;0;0;9.165;:~ value(carne,V1).[-V1@1, V1] 
7;1;5;3;190;1;0;0;0;12.33;:~ category(1).[-1@1] 
7;1;5;3;190;1;0;0;0;16.639;:~ value(verdure_e_ortaggi,V1).[-V1@1, V1] 
7;1;5;3;190;1;0;0;0;8.425;:~ value(verdure_e_ortaggi,V1).[-V1@1, V1] 
7;1;5;3;190;1;0;0;0;17.281;:~ value(verdure_e_ortaggi,V1).[-V1@1, V1] 
7;1;5;3;190;1;0;0;0;8.152;:~ value(carne,V1).[-V1@1, V1] 
7;1;5;3;190;1;0;0;0;8.353;:~ value(carne,V1).[-V1@5, V1] 
7;1;5;3;190;1;0;0;0;8.624;:~ value(carne,V1).[-V1@1, V1] 
7;1;5;3;190;1;0;0;0;8.305;:~ value(carne,V1).[-V1@1, V1] 
7;1;5;3;190;1;0;0;0;13.114;:~ category(4).[1@5] 
7;1;5;3;190;1;0;0;0;16.05;:~ value(latticini,V1).[-V1@1, V1] 
7;1;5;3;190;1;0;0;0;8.26;:~ value(carne,V1).[-V1@1, V1] 
7;1;5;3;190;1;0;0;0;8.369;:~ value(carne,V1).[-V1@1, V1] 
7;1;5;3;190;1;0;0;0;8.487;:~ value(carne,V1).[V1@5, V1] 
7;1;5;3;190;1;0;0;0;16.727;:~ value(verdure_e_ortaggi,V1).[V1@5, V1] 
7;1;5;3;190;1;0;0;0;16.492;:~ value(verdure_e_ortaggi,V1).[-V1@5, V1] 
7;1;5;3;190;1;0;0;0;8.364;:~ value(carne,V1).[V1@1, V1] 
7;1;5;3;190;1;0;0;0;8.513;:~ value(carne,V1).[-V1@1, V1] 
7;1;5;3;190;1;0;0;0;16.864;:~ value(forno,V1).[V1@1, V1] 
7;1;5;3;190;1;0;0;0;8.284;:~ value(carne,V1).[-V1@5, V1] 
7;1;5;3;190;1;0;0;0;12.62;:~ value(frittura,V1).[-V1@5, V1] 
7;1;5;3;190;1;0;0;0;8.492;:~ value(carne,V1).[V1@5, V1] 
7;1;5;3;190;1;0;0;0;8.354;:~ value(carne,V1).[-V1@5, V1] 
7;1;5;3;190;1;0;0;0;13.659;:~ value(frittura,V1).[-V1@5, V1] 
7;1;5;3;190;1;0;0;0;8.278;:~ value(carne,V1).[-V1@5, V1] 
7;1;5;3;190;1;0;0;0;8.267;:~ value(carne,V1).[-V1@1, V1] 
7;1;5;3;190;1;0;0;0;8.363;:~ value(carne,V1).[-V1@5, V1] 
7;1;5;3;190;1;0;0;0;8.428;:~ value(carne,V1).[V1@5, V1] 
7;1;5;3;190;1;0;0;0;16.725;:~ category(4).[1@1] 
7;1;5;3;190;1;0;0;0;8.185;:~ value(carne,V1).[-V1@1, V1] 
7;1;5;3;190;1;0;0;0;8.348;:~ value(carne,V1).[V1@1, V1] 
7;1;5;3;190;1;0;0;0;12.476;:~ value(latticini,V1).[-V1@5, V1] 
7;1;5;3;190;1;0;0;0;13.181;:~ category(1).[-1@1] 
7;1;5;3;190;1;0;0;0;12.56;:~ category(1).[-1@1] 
7;1;5;3;190;1;0;0;0;8.637;:~ value(carne,V1).[-V1@1, V1] 
7;1;5;3;190;1;0;0;0;8.301;:~ value(carne,V1).[-V1@1, V1] 
7;1;5;3;190;1;0;0;0;12.743;:~ value(frittura,V1).[V1@5, V1] 
7;1;5;3;190;1;0;0;0;12.516;:~ value(verdure_e_ortaggi,V1).[V1@1, V1] 
7;1;5;3;190;1;0;0;0;17.304;:~ category(3).[-1@1] 
7;1;5;3;190;1;0;0;0;8.492;:~ value(carne,V1).[-V1@5, V1] 
7;1;5;3;190;1;0;0;0;8.523;:~ value(carne,V1).[-V1@1, V1] 
7;1;5;3;190;1;0;0;0;8.69;:~ value(carne,V1).[-V1@1, V1] 
7;1;5;3;190;1;0;0;0;9.027;:~ value(carne,V1).[-V1@1, V1] 
7;1;5;3;190;1;0;0;0;8.719;:~ value(carne,V1).[-V1@5, V1] 
7;1;5;3;190;1;0;0;0;944.276;:~ value(erbe_spezie_e_condimenti,V1).[V1@5, V1] 
7;1;5;3;190;1;0;0;0;8.328;:~ value(carne,V1).[-V1@5, V1] 
7;1;5;3;190;1;0;0;0;8.413;:~ value(carne,V1).[-V1@5, V1] 
7;1;5;3;190;1;0;0;0;16.618;:~ value(erbe_spezie_e_condimenti,V1).[-V1@5, V1] 
7;1;5;3;190;1;0;0;0;8.5;:~ value(carne,V1).[-V1@5, V1] 
7;1;5;3;190;1;0;0;0;8.005;:~ value(carne,V1).[-V1@1, V1] 
7;1;5;3;190;1;0;0;0;8.322;:~ value(carne,V1).[V1@1, V1] 
7;1;5;3;190;1;0;0;0;12.288;:~ value(frutta,V1).[-V1@1, V1] 
7;1;5;3;190;1;0;0;0;8.389;:~ value(carne,V1).[V1@1, V1] 
36;1;5;3;190;1;0;0;0;6.958;:~ value(carne,V1).[-V1@1, V1] 
36;1;5;3;190;1;0;0;0;6.862;:~ value(verdure_e_ortaggi,V1).[V1@5, V1] 
36;1;5;3;190;1;0;0;0;6.907;:~ value(carne,V1).[V1@5, V1] 
36;1;5;3;190;1;0;0;0;6.838;:~ value(carne,V1).[V1@1, V1] 
36;1;5;3;190;1;0;0;0;6.801;:~ value(carne,V1).[-V1@5, V1] 
36;1;5;3;190;1;0;0;0;7.381;:~ value(carne,V1).[V1@5, V1] 
36;1;5;3;190;1;0;0;0;10.68;:~ category(1).[-1@1] 
36;1;5;3;190;1;0;0;0;6.883;:~ value(carne,V1).[V1@5, V1] 
36;1;5;3;190;1;0;0;0;6.834;:~ value(carne,V1).[V1@1, V1] 
36;1;5;3;190;1;0;0;0;10.364;:~ value(latticini,V1).[V1@1, V1] 
36;1;5;3;190;1;0;0;0;13.996;:~ value(erbe_spezie_e_condimenti,V1).[-V1@5, V1] 
36;1;5;3;190;1;0;0;0;13.901;:~ category(4).[-1@5] 
36;1;5;3;190;1;0;0;0;7.018;:~ value(carne,V1).[V1@5, V1] 
36;1;5;3;190;1;0;0;0;6.815;:~ value(carne,V1).[-V1@1, V1] 
36;1;5;3;190;1;0;0;0;6.794;:~ value(carne,V1).[-V1@5, V1] 
36;1;5;3;190;1;0;0;0;7.018;:~ value(carne,V1).[V1@1, V1] 
36;1;5;3;190;1;0;0;0;6.805;:~ value(carne,V1).[V1@5, V1] 
36;1;5;3;190;1;0;0;0;7.018;:~ value(carne,V1).[V1@1, V1] 
36;1;5;3;190;1;0;0;0;6.954;:~ value(carne,V1).[-V1@5, V1] 
36;1;5;3;190;1;0;0;0;6.882;:~ value(carne,V1).[V1@1, V1] 
36;1;5;3;190;1;0;0;0;10.444;:~ category(3).[1@2] 
36;1;5;3;190;1;0;0;0;6.85;:~ value(carne,V1).[V1@5, V1] 
36;1;5;3;190;1;0;0;0;7.439;:~ value(carne,V1).[-V1@5, V1] 
36;1;5;3;190;1;0;0;0;6.871;:~ value(carne,V1).[-V1@5, V1] 
36;1;5;3;190;1;0;0;0;6.867;:~ value(carne,V1).[V1@1, V1] 
36;1;5;3;190;1;0;0;0;7.004;:~ value(carne,V1).[-V1@1, V1] 
36;1;5;3;190;1;0;0;0;6.958;:~ value(carne,V1).[-V1@5, V1] 
36;1;5;3;190;1;0;0;0;13.682;:~ value(verdure_e_ortaggi,V1).[-V1@1, V1] 
36;1;5;3;190;1;0;0;0;7.028;:~ value(carne,V1).[-V1@1, V1] 
36;1;5;3;190;1;0;0;0;14.032;:~ value(erbe_spezie_e_condimenti,V1).[V1@3, V1] 
36;1;5;3;190;1;0;0;0;6.984;:~ value(frittura,V1).[-V1@5, V1] 
36;1;5;3;190;1;0;0;0;13.915;:~ value(carne,V1).[V1@2, V1] 
36;1;5;3;190;1;0;0;0;6.772;:~ value(carne,V1).[-V1@5, V1] 
36;1;5;3;190;1;0;0;0;10.212;:~ value(verdure_e_ortaggi,V1).[-V1@1, V1] 
36;1;5;3;190;1;0;0;0;10.543;:~ value(frittura,V1).[-V1@5, V1] 
36;1;5;3;190;1;0;0;0;7.003;:~ value(carne,V1).[-V1@5, V1] 
36;1;5;3;190;1;0;0;0;6.835;:~ value(carne,V1).[V1@1, V1] 
36;1;5;3;190;1;0;0;0;6.97;:~ value(carne,V1).[-V1@5, V1] 
36;1;5;3;190;1;0;0;0;7.007;:~ value(carne,V1).[V1@1, V1] 
36;1;5;3;190;1;0;0;0;6.902;:~ value(carne,V1).[V1@1, V1] 
36;1;5;3;190;1;0;0;0;57.569;:~ value(verdure_e_ortaggi,V1).[V1@4, V1] 
36;1;5;3;190;1;0;0;0;10.556;:~ value(verdure_e_ortaggi,V1).[-V1@1, V1] 
36;1;5;3;190;1;0;0;0;7.195;:~ value(carne,V1).[V1@5, V1] 
36;1;5;3;190;1;0;0;0;6.951;:~ value(carne,V1).[-V1@1, V1] 
36;1;5;3;190;1;0;0;0;10.528;:~ category(1).[-1@1] 
36;1;5;3;190;1;0;0;0;6.976;:~ value(carne,V1).[V1@5, V1] 
36;1;5;3;190;1;0;0;0;13.911;:~ value(verdure_e_ortaggi,V1).[V1@5, V1] 
36;1;5;3;190;1;0;0;0;7.035;:~ value(carne,V1).[-V1@5, V1] 
36;1;5;3;190;1;0;0;0;6.856;:~ value(carne,V1).[-V1@5, V1] 
36;1;5;3;190;1;0;0;0;10.579;:~ category(4).[-1@5] 
36;1;5;3;190;1;0;0;0;13.733;:~ value(verdure_e_ortaggi,V1).[-V1@1, V1] 
36;1;5;3;190;1;0;0;0;10.44;:~ value(verdure_e_ortaggi,V1).[V1@5, V1] 
36;1;5;3;190;1;0;0;0;7.046;:~ value(carne,V1).[-V1@5, V1] 
36;1;5;3;190;1;0;0;0;13.66;:~ value(latticini,V1).[V1@1, V1] 
36;1;5;3;190;1;0;0;0;10.603;:~ category(4).[-1@1] 
36;1;5;3;190;1;0;0;0;13.761;:~ value(pasta,V1).[V1@1, V1] 
36;1;5;3;190;1;0;0;0;6.844;:~ value(carne,V1).[-V1@1, V1] 
36;1;5;3;190;1;0;0;0;7.101;:~ value(carne,V1).[-V1@1, V1] 
36;1;5;3;190;1;0;0;0;10.509;:~ category(1).[-1@1] 
36;1;5;3;190;1;0;0;0;7.077;:~ value(carne,V1).[-V1@5, V1] 
36;1;5;3;190;1;0;0;0;6.93;:~ value(carne,V1).[V1@1, V1] 
36;1;5;3;190;1;0;0;0;10.18;:~ value(verdure_e_ortaggi,V1).[-V1@1, V1] 
36;1;5;3;190;1;0;0;0;10122.2;:~ value(erbe_spezie_e_condimenti,V1).[V1@2, V1] :~ value(stufato,V1).[V1@5, V1] :~ value(frittura,V1).[V1@3, V1] :~ value(carne,V1).[V1@4, V1] 
36;1;5;3;190;1;0;0;0;6.72;:~ value(carne,V1).[V1@1, V1] 
36;1;5;3;190;1;0;0;0;6.575;:~ value(verdure_e_ortaggi,V1).[V1@5, V1] 
36;1;5;3;190;1;0;0;0;13.506;:~ value(verdure_e_ortaggi,V1).[V1@5, V1] 
36;1;5;3;190;1;0;0;0;10.321;:~ category(4).[-1@5] 
36;1;5;3;190;1;0;0;0;13.264;:~ category(4).[-1@1] 
36;1;5;3;190;1;0;0;0;10.043;:~ value(verdure_e_ortaggi,V1).[V1@1, V1] 
36;1;5;3;190;1;0;0;0;13.404;:~ value(verdure_e_ortaggi,V1).[V1@5, V1] 
36;1;5;3;190;1;0;0;0;10.159;:~ category(4).[-1@5] 
36;1;5;3;190;1;0;0;0;6.614;:~ value(carne,V1).[V1@5, V1] 
36;1;5;3;190;1;0;0;0;6.728;:~ value(carne,V1).[-V1@5, V1] 
36;1;5;3;190;1;0;0;0;6.573;:~ value(carne,V1).[-V1@1, V1] 
36;1;5;3;190;1;0;0;0;6.665;:~ value(carne,V1).[V1@1, V1] 
36;1;5;3;190;1;0;0;0;12.934;:~ value(forno,V1).[-V1@5, V1] 
36;1;5;3;190;1;0;0;0;6.718;:~ value(carne,V1).[V1@1, V1] 
36;1;5;3;190;1;0;0;0;6.593;:~ value(carne,V1).[-V1@5, V1] 
36;1;5;3;190;1;0;0;0;10.541;:~ value(verdure_e_ortaggi,V1).[V1@5, V1] 
36;1;5;3;190;1;0;0;0;6.679;:~ value(carne,V1).[V1@5, V1] 
36;1;5;3;190;1;0;0;0;10.002;:~ value(frittura,V1).[-V1@5, V1] 
4;1;5;3;190;1;0;0;0;18.82;:~ category(4).[-1@1] 
4;1;5;3;190;1;0;0;0;8.976;:~ value(carne,V1).[-V1@1, V1] 
4;1;5;3;190;1;0;0;0;8.889;:~ value(carne,V1).[V1@1, V1] 
4;1;5;3;190;1;0;0;0;18.523;:~ value(pasta,V1).[-V1@1, V1] 
4;1;5;3;190;1;0;0;0;9.694;:~ value(carne,V1).[V1@1, V1] 
4;1;5;3;190;1;0;0;0;10.08;:~ value(carne,V1).[-V1@1, V1] 
4;1;5;3;190;1;0;0;0;14.447;:~ category(4).[1@1] 
4;1;5;3;190;1;0;0;0;9.113;:~ value(carne,V1).[-V1@1, V1] 
4;1;5;3;190;1;0;0;0;9.175;:~ value(verdure_e_ortaggi,V1).[V1@5, V1] 
4;1;5;3;190;1;0;0;0;9.492;:~ value(verdure_e_ortaggi,V1).[V1@5, V1] 
4;1;5;3;190;1;0;0;0;9.007;:~ value(carne,V1).[V1@1, V1] 
4;1;5;3;190;1;0;0;0;14.927;:~ value(frittura,V1).[-V1@5, V1] 
4;1;5;3;190;1;0;0;0;24.168;:~ category(4).[1@1] 
4;1;5;3;190;1;0;0;0;14.025;:~ value(verdure_e_ortaggi,V1).[V1@1, V1] 
4;1;5;3;190;1;0;0;0;8.978;:~ value(carne,V1).[-V1@5, V1] 
4;1;5;3;190;1;0;0;0;9.708;:~ value(carne,V1).[-V1@1, V1] 
4;1;5;3;190;1;0;0;0;14.001;:~ value(verdure_e_ortaggi,V1).[-V1@1, V1] 
4;1;5;3;190;1;0;0;0;9.13;:~ value(carne,V1).[V1@5, V1] 
4;1;5;3;190;1;0;0;0;9.229;:~ value(carne,V1).[V1@5, V1] 
4;1;5;3;190;1;0;0;0;9.739;:~ value(carne,V1).[-V1@5, V1] 
4;1;5;3;190;1;0;0;0;9.302;:~ value(carne,V1).[-V1@5, V1] 
4;1;5;3;190;1;0;0;0;9.802;:~ value(carne,V1).[V1@5, V1] 
4;1;5;3;190;1;0;0;0;9.406;:~ value(carne,V1).[V1@1, V1] 
4;1;5;3;190;1;0;0;0;9.316;:~ value(carne,V1).[-V1@1, V1] 
4;1;5;3;190;1;0;0;0;9.423;:~ value(carne,V1).[V1@5, V1] 
4;1;5;3;190;1;0;0;0;9.96;:~ value(carne,V1).[V1@5, V1] 
4;1;5;3;190;1;0;0;0;14.743;:~ category(1).[-1@1] 
4;1;5;3;190;1;0;0;0;9.227;:~ value(carne,V1).[V1@1, V1] 
4;1;5;3;190;1;0;0;0;9.959;:~ value(carne,V1).[V1@5, V1] 
4;1;5;3;190;1;0;0;0;9.079;:~ value(carne,V1).[-V1@5, V1] 
4;1;5;3;190;1;0;0;0;9.03;:~ value(carne,V1).[V1@5, V1] 
4;1;5;3;190;1;0;0;0;9.085;:~ value(carne,V1).[V1@1, V1] 
4;1;5;3;190;1;0;0;0;9.116;:~ value(carne,V1).[-V1@1, V1] 
4;1;5;3;190;1;0;0;0;9.606;:~ value(carne,V1).[V1@1, V1] 
4;1;5;3;190;1;0;0;0;10.055;:~ value(carne,V1).[-V1@1, V1] 
4;1;5;3;190;1;0;0;0;9.665;:~ value(carne,V1).[-V1@1, V1] 
4;1;5;3;190;1;0;0;0;9.074;:~ value(carne,V1).[V1@1, V1] 
4;1;5;3;190;1;0;0;0;10.163;:~ value(carne,V1).[V1@1, V1] 
4;1;5;3;190;1;0;0;0;9.346;:~ value(carne,V1).[V1@5, V1] 
4;1;5;3;190;1;0;0;0;9.924;:~ value(carne,V1).[V1@1, V1] 
4;1;5;3;190;1;0;0;0;13.255;:~ value(verdure_e_ortaggi,V1).[-V1@1, V1] 
4;1;5;3;190;1;0;0;0;9.43;:~ value(carne,V1).[V1@1, V1] 
4;1;5;3;190;1;0;0;0;9.403;:~ value(carne,V1).[V1@5, V1] 
4;1;5;3;190;1;0;0;0;9.573;:~ value(carne,V1).[V1@5, V1] 
4;1;5;3;190;1;0;0;0;9.271;:~ value(carne,V1).[V1@1, V1] 
4;1;5;3;190;1;0;0;0;9.26;:~ value(carne,V1).[-V1@1, V1] 
4;1;5;3;190;1;0;0;0;9.974;:~ value(carne,V1).[V1@5, V1] 
4;1;5;3;190;1;0;0;0;10.117;:~ value(frittura,V1).[V1@5, V1] 
4;1;5;3;190;1;0;0;0;9.629;:~ value(carne,V1).[-V1@1, V1] 
4;1;5;3;190;1;0;0;0;9.381;:~ value(carne,V1).[-V1@1, V1] 
4;1;5;3;190;1;0;0;0;10.106;:~ value(carne,V1).[-V1@5, V1] 
4;1;5;3;190;1;0;0;0;9.303;:~ value(carne,V1).[-V1@5, V1] 
4;1;5;3;190;1;0;0;0;14.509;:~ value(frittura,V1).[-V1@5, V1] 
4;1;5;3;190;1;0;0;0;14.627;:~ category(1).[-1@1] 
4;1;5;3;190;1;0;0;0;10.195;:~ value(verdure_e_ortaggi,V1).[V1@5, V1] 
4;1;5;3;190;1;0;0;0;9.253;:~ value(carne,V1).[V1@5, V1] 
4;1;5;3;190;1;0;0;0;13.355;:~ value(verdure_e_ortaggi,V1).[V1@1, V1] 
4;1;5;3;190;1;0;0;0;9.36;:~ value(carne,V1).[V1@1, V1] 
4;1;5;3;190;1;0;0;0;9.157;:~ value(carne,V1).[-V1@5, V1] 
4;1;5;3;190;1;0;0;0;14.417;:~ category(4).[-1@5] 
4;1;5;3;190;1;0;0;0;14.193;:~ value(verdure_e_ortaggi,V1).[V1@5, V1] 
4;1;5;3;190;1;0;0;0;9.357;:~ value(carne,V1).[-V1@5, V1] 
4;1;5;3;190;1;0;0;0;9.813;:~ value(carne,V1).[-V1@1, V1] 
4;1;5;3;190;1;0;0;0;9.388;:~ value(carne,V1).[-V1@1, V1] 
4;1;5;3;190;1;0;0;0;10.033;:~ value(carne,V1).[V1@1, V1] 
4;1;5;3;190;1;0;0;0;25.246;:~ value(latticini,V1).[V1@1, V1] 
4;1;5;3;190;1;0;0;0;9.224;:~ value(carne,V1).[-V1@5, V1] 
4;1;5;3;190;1;0;0;0;14.681;:~ category(4).[-1@5] 
4;1;5;3;190;1;0;0;0;19.305;:~ category(1).[-1@5] 
4;1;5;3;190;1;0;0;0;9.571;:~ value(carne,V1).[V1@1, V1] 
4;1;5;3;190;1;0;0;0;9.512;:~ value(carne,V1).[-V1@5, V1] 
4;1;5;3;190;1;0;0;0;13.927;:~ value(frittura,V1).[-V1@5, V1] 
4;1;5;3;190;1;0;0;0;14.244;:~ value(verdure_e_ortaggi,V1).[V1@5, V1] 
4;1;5;3;190;1;0;0;0;9.114;:~ value(carne,V1).[V1@5, V1] 
4;1;5;3;190;1;0;0;0;9.312;:~ value(carne,V1).[-V1@5, V1] 
4;1;5;3;190;1;0;0;0;9.557;:~ value(carne,V1).[V1@1, V1] 
4;1;5;3;190;1;0;0;0;13.813;:~ value(verdure_e_ortaggi,V1).[V1@4, V1] 
4;1;5;3;190;1;0;0;0;14.228;:~ value(verdure_e_ortaggi,V1).[V1@5, V1] 
4;1;5;3;190;1;0;0;0;2779.68;:~ value(carne,V1).[-V1@1, V1] 
4;1;5;3;190;1;0;0;0;14.577;:~ value(latticini,V1).[V1@2, V1] 
4;1;5;3;190;1;0;0;0;6.967;:~ value(carne,V1).[V1@5, V1] 
4;1;5;3;190;1;0;0;0;6.846;:~ value(carne,V1).[-V1@1, V1] 
4;1;5;3;190;1;0;0;0;6.861;:~ value(carne,V1).[-V1@5, V1] 
4;1;5;3;190;1;0;0;0;7.063;:~ category(4).[-1@5] 
4;1;5;3;190;1;0;0;0;6.87;:~ value(carne,V1).[-V1@1, V1] 
4;1;5;3;190;1;0;0;0;6.959;:~ value(carne,V1).[V1@5, V1] 
4;1;5;3;190;1;0;0;0;13.595;:~ value(verdure_e_ortaggi,V1).[V1@1, V1] 
4;1;5;3;190;1;0;0;0;6.966;:~ value(carne,V1).[V1@5, V1] 
4;1;5;3;190;1;0;0;0;7.046;:~ value(carne,V1).[V1@1, V1] 
4;1;5;3;190;1;0;0;0;10.299;:~ value(verdure_e_ortaggi,V1).[V1@1, V1] 
4;1;5;3;190;1;0;0;0;6.948;:~ value(frittura,V1).[-V1@5, V1] 
4;1;5;3;190;1;0;0;0;7.028;:~ value(carne,V1).[-V1@3, V1] 
4;1;5;3;190;1;0;0;0;62.546;:~ value(verdure_e_ortaggi,V1).[-V1@1, V1] 
20;1;5;3;190;1;0;0;0;9.068;:~ value(carne,V1).[-V1@5, V1] 
20;1;5;3;190;1;0;0;0;9.091;:~ value(carne,V1).[V1@5, V1] 
20;1;5;3;190;1;0;0;0;9.444;:~ value(carne,V1).[V1@5, V1] 
20;1;5;3;190;1;0;0;0;9.557;:~ value(carne,V1).[-V1@1, V1] 
20;1;5;3;190;1;0;0;0;9.306;:~ value(carne,V1).[-V1@5, V1] 
20;1;5;3;190;1;0;0;0;13.442;:~ category(4).[1@1] 
20;1;5;3;190;1;0;0;0;8.762;:~ value(carne,V1).[-V1@5, V1] 
20;1;5;3;190;1;0;0;0;9.312;:~ value(carne,V1).[-V1@1, V1] 
20;1;5;3;190;1;0;0;0;13.939;:~ value(verdure_e_ortaggi,V1).[V1@1, V1] 
20;1;5;3;190;1;0;0;0;9.773;:~ value(frittura,V1).[V1@5, V1] 
20;1;5;3;190;1;0;0;0;9.224;:~ value(carne,V1).[V1@1, V1] 
20;1;5;3;190;1;0;0;0;19.249;:~ value(pasta,V1).[V1@5, V1] 
20;1;5;3;190;1;0;0;0;9.426;:~ value(carne,V1).[-V1@5, V1] 
20;1;5;3;190;1;0;0;0;13.914;:~ category(4).[-1@4] 
20;1;5;3;190;1;0;0;0;9.757;:~ category(4).[-1@5] 
20;1;5;3;190;1;0;0;0;9.228;:~ value(carne,V1).[-V1@5, V1] 
20;1;5;3;190;1;0;0;0;9.082;:~ value(carne,V1).[-V1@5, V1] 
20;1;5;3;190;1;0;0;0;9.095;:~ value(frittura,V1).[V1@5, V1] 
20;1;5;3;190;1;0;0;0;9.511;:~ category(4).[-1@5] 
20;1;5;3;190;1;0;0;0;9.835;:~ value(carne,V1).[-V1@5, V1] 
20;1;5;3;190;1;0;0;0;10.022;:~ value(carne,V1).[V1@1, V1] 
20;1;5;3;190;1;0;0;0;14.335;:~ category(4).[-1@5] 
20;1;5;3;190;1;0;0;0;13.504;:~ value(verdure_e_ortaggi,V1).[-V1@5, V1] 
20;1;5;3;190;1;0;0;0;9.071;:~ value(carne,V1).[-V1@5, V1] 
20;1;5;3;190;1;0;0;0;9.28;:~ value(carne,V1).[V1@5, V1] 
20;1;5;3;190;1;0;0;0;14.959;:~ value(verdure_e_ortaggi,V1).[-V1@5, V1] 
20;1;5;3;190;1;0;0;0;9.274;:~ value(carne,V1).[V1@1, V1] 
20;1;5;3;190;1;0;0;0;9.293;:~ value(carne,V1).[-V1@1, V1] 
20;1;5;3;190;1;0;0;0;19.552;:~ value(forno,V1).[V1@1, V1] 
20;1;5;3;190;1;0;0;0;9.562;:~ value(carne,V1).[-V1@1, V1] 
20;1;5;3;190;1;0;0;0;8.39;:~ value(carne,V1).[-V1@1, V1] 
20;1;5;3;190;1;0;0;0;17.3;:~ value(forno,V1).[V1@2, V1] 
20;1;5;3;190;1;0;0;0;13.376;:~ category(3).[-1@1] 
20;1;5;3;190;1;0;0;0;9.505;:~ value(carne,V1).[-V1@1, V1] 
20;1;5;3;190;1;0;0;0;9.224;:~ value(carne,V1).[V1@5, V1] 
20;1;5;3;190;1;0;0;0;9.261;:~ value(carne,V1).[-V1@1, V1] 
20;1;5;3;190;1;0;0;0;8.623;:~ value(carne,V1).[-V1@5, V1] 
20;1;5;3;190;1;0;0;0;407.553;:~ value(forno,V1), category(3).[V1@5, V1] :~ value(frutta,V1), category(3).[V1@1, V1] 
20;1;5;3;190;1;0;0;0;8.692;:~ value(carne,V1).[V1@5, V1] 
20;1;5;3;190;1;0;0;0;18.547;:~ category(4).[-1@5] 
20;1;5;3;190;1;0;0;0;8.551;:~ value(carne,V1).[V1@1, V1] 
20;1;5;3;190;1;0;0;0;8.825;:~ value(carne,V1).[V1@5, V1] 
20;1;5;3;190;1;0;0;0;8.797;:~ value(carne,V1).[V1@5, V1] 
20;1;5;3;190;1;0;0;0;8.783;:~ value(carne,V1).[-V1@1, V1] 
20;1;5;3;190;1;0;0;0;8.778;:~ value(carne,V1).[-V1@5, V1] 
20;1;5;3;190;1;0;0;0;9.272;:~ value(carne,V1).[-V1@5, V1] 
20;1;5;3;190;1;0;0;0;9.598;:~ value(carne,V1).[-V1@1, V1] 
20;1;5;3;190;1;0;0;0;8.142;:~ value(verdure_e_ortaggi,V1).[-V1@1, V1] 
20;1;5;3;190;1;0;0;0;17.697;:~ value(latticini,V1).[-V1@5, V1] 
20;1;5;3;190;1;0;0;0;8.907;:~ value(carne,V1).[-V1@5, V1] 
20;1;5;3;190;1;0;0;0;13.421;:~ value(verdure_e_ortaggi,V1).[-V1@5, V1] 
20;1;5;3;190;1;0;0;0;18.765;:~ value(pasta,V1).[V1@5, V1] 
20;1;5;3;190;1;0;0;0;9.676;:~ value(carne,V1).[-V1@5, V1] 
20;1;5;3;190;1;0;0;0;8.898;:~ value(carne,V1).[-V1@1, V1] 
20;1;5;3;190;1;0;0;0;13.723;:~ category(3).[-1@1] 
20;1;5;3;190;1;0;0;0;8.88;:~ value(carne,V1).[-V1@1, V1] 
20;1;5;3;190;1;0;0;0;8.679;:~ value(carne,V1).[-V1@1, V1] 
20;1;5;3;190;1;0;0;0;13.558;:~ category(4).[1@1] 
20;1;5;3;190;1;0;0;0;8.963;:~ value(carne,V1).[V1@1, V1] 
20;1;5;3;190;1;0;0;0;18.465;:~ value(verdure_e_ortaggi,V1).[-V1@5, V1] 
20;1;5;3;190;1;0;0;0;9.645;:~ value(carne,V1).[V1@1, V1] 
20;1;5;3;190;1;0;0;0;8.68;:~ value(carne,V1).[-V1@5, V1] 
20;1;5;3;190;1;0;0;0;8.861;:~ value(carne,V1).[V1@1, V1] 
20;1;5;3;190;1;0;0;0;18.974;:~ category(1).[1@5] 
20;1;5;3;190;1;0;0;0;8.316;:~ value(carne,V1).[-V1@5, V1] 
20;1;5;3;190;1;0;0;0;8.504;:~ value(carne,V1).[-V1@1, V1] 
20;1;5;3;190;1;0;0;0;14.34;:~ value(forno,V1).[-V1@1, V1] 
20;1;5;3;190;1;0;0;0;8.602;:~ value(carne,V1).[-V1@5, V1] 
20;1;5;3;190;1;0;0;0;9.082;:~ value(carne,V1).[-V1@5, V1] 
20;1;5;3;190;1;0;0;0;8.502;:~ value(carne,V1).[-V1@1, V1] 
20;1;5;3;190;1;0;0;0;8.279;:~ value(carne,V1).[-V1@1, V1] 
20;1;5;3;190;1;0;0;0;8.475;:~ value(carne,V1).[-V1@1, V1] 
20;1;5;3;190;1;0;0;0;9.351;:~ value(carne,V1).[V1@5, V1] 
20;1;5;3;190;1;0;0;0;8.508;:~ value(carne,V1).[-V1@1, V1] 
20;1;5;3;190;1;0;0;0;8.819;:~ value(carne,V1).[-V1@5, V1] 
20;1;5;3;190;1;0;0;0;8.965;:~ value(carne,V1).[V1@5, V1] 
20;1;5;3;190;1;0;0;0;8.616;:~ value(carne,V1).[-V1@5, V1] 
20;1;5;3;190;1;0;0;0;12.717;:~ value(verdure_e_ortaggi,V1).[V1@1, V1] 
20;1;5;3;190;1;0;0;0;158.573;:~ value(carne,V1).[-V1@1, V1] 
20;1;5;3;190;1;0;0;0;9.203;:~ value(carne,V1).[-V1@1, V1] 
20;1;5;3;190;1;0;0;0;9.194;:~ value(carne,V1).[-V1@5, V1] 
20;1;5;3;190;1;0;0;0;9.992;:~ value(carne,V1).[-V1@1, V1] 
20;1;5;3;190;1;0;0;0;9.394;:~ value(carne,V1).[-V1@5, V1] 
20;1;5;3;190;1;0;0;0;9.376;:~ value(carne,V1).[-V1@5, V1] 
20;1;5;3;190;1;0;0;0;19.001;:~ category(4).[1@1] 
20;1;5;3;190;1;0;0;0;19.794;:~ value(verdure_e_ortaggi,V1).[-V1@1, V1] 
20;1;5;3;190;1;0;0;0;9.168;:~ value(carne,V1).[-V1@5, V1] 
20;1;5;3;190;1;0;0;0;18.861;:~ value(verdure_e_ortaggi,V1).[-V1@1, V1] 
20;1;5;3;190;1;0;0;0;9.433;:~ value(carne,V1).[-V1@5, V1] 
20;1;5;3;190;1;0;0;0;9.442;:~ value(carne,V1).[-V1@1, V1] 
20;1;5;3;190;1;0;0;0;10.377;:~ value(carne,V1).[-V1@1, V1] 
20;1;5;3;190;1;0;0;0;9.262;:~ value(carne,V1).[-V1@5, V1] 
20;1;5;3;190;1;0;0;0;9.262;:~ value(carne,V1).[-V1@1, V1] 
20;1;5;3;190;1;0;0;0;9.136;:~ value(carne,V1).[V1@1, V1] 
20;1;5;3;190;1;0;0;0;8.986;:~ value(carne,V1).[-V1@5, V1] 
20;1;5;3;190;1;0;0;0;9.646;:~ value(carne,V1).[-V1@1, V1] 
29;1;5;3;190;1;0;0;0;7.089;:~ value(carne,V1).[V1@5, V1] 
29;1;5;3;190;1;0;0;0;9.181;:~ value(carne,V1).[-V1@5, V1] 
29;1;5;3;190;1;0;0;0;9.127;:~ value(carne,V1).[-V1@5, V1] 
29;1;5;3;190;1;0;0;0;9.26;:~ value(carne,V1).[-V1@5, V1] 
29;1;5;3;190;1;0;0;0;8.957;:~ value(carne,V1).[V1@1, V1] 
29;1;5;3;190;1;0;0;0;9.148;:~ value(carne,V1).[V1@1, V1] 
29;1;5;3;190;1;0;0;0;9.298;:~ value(carne,V1).[-V1@1, V1] 
29;1;5;3;190;1;0;0;0;17.947;:~ value(forno,V1).[-V1@1, V1] 
29;1;5;3;190;1;0;0;0;9.509;:~ value(carne,V1).[-V1@1, V1] 
29;1;5;3;190;1;0;0;0;9.438;:~ value(carne,V1).[V1@1, V1] 
29;1;5;3;190;1;0;0;0;9.552;:~ value(carne,V1).[-V1@5, V1] 
29;1;5;3;190;1;0;0;0;9.865;:~ value(carne,V1).[-V1@1, V1] 
29;1;5;3;190;1;0;0;0;18.77;:~ value(verdure_e_ortaggi,V1).[-V1@1, V1] 
29;1;5;3;190;1;0;0;0;9.894;:~ value(carne,V1).[V1@5, V1] 
29;1;5;3;190;1;0;0;0;13.597;:~ category(4).[1@1] 
29;1;5;3;190;1;0;0;0;9.433;:~ value(carne,V1).[V1@1, V1] 
29;1;5;3;190;1;0;0;0;9.161;:~ value(carne,V1).[V1@1, V1] 
29;1;5;3;190;1;0;0;0;366.718;:~ value(carne,V1).[V1@2, V1] 
29;1;5;3;190;1;0;0;0;13.865;:~ category(4).[1@5] 
29;1;5;3;190;1;0;0;0;25.673;:~ category(4).[-1@4] 
29;1;5;3;190;1;0;0;0;10.082;:~ value(carne,V1).[-V1@1, V1] 
29;1;5;3;190;1;0;0;0;20.026;:~ value(erbe_spezie_e_condimenti,V1).[-V1@1, V1] 
29;1;5;3;190;1;0;0;0;9.587;:~ value(carne,V1).[-V1@5, V1] 
29;1;5;3;190;1;0;0;0;9.255;:~ value(carne,V1).[-V1@1, V1] 
29;1;5;3;190;1;0;0;0;9.173;:~ value(carne,V1).[-V1@1, V1] 
29;1;5;3;190;1;0;0;0;9.182;:~ value(carne,V1).[V1@1, V1] 
29;1;5;3;190;1;0;0;0;12.922;:~ value(carne,V1).[V1@1, V1] 
29;1;5;3;190;1;0;0;0;9.117;:~ value(carne,V1).[V1@1, V1] 
29;1;5;3;190;1;0;0;0;8.976;:~ value(carne,V1).[V1@5, V1] 
29;1;5;3;190;1;0;0;0;23.019;:~ category(4).[1@1] 
29;1;5;3;190;1;0;0;0;8.917;:~ value(carne,V1).[-V1@1, V1] 
29;1;5;3;190;1;0;0;0;8.948;:~ value(carne,V1).[-V1@1, V1] 
29;1;5;3;190;1;0;0;0;9.143;:~ value(carne,V1).[V1@5, V1] 
29;1;5;3;190;1;0;0;0;8.809;:~ value(carne,V1).[V1@1, V1] 
29;1;5;3;190;1;0;0;0;17.302;:~ value(pasta,V1).[-V1@1, V1] 
29;1;5;3;190;1;0;0;0;13;:~ value(verdure_e_ortaggi,V1).[V1@5, V1] 
29;1;5;3;190;1;0;0;0;9.391;:~ value(carne,V1).[-V1@1, V1] 
29;1;5;3;190;1;0;0;0;12.875;:~ value(forno,V1).[-V1@1, V1] 
29;1;5;3;190;1;0;0;0;8.159;:~ value(carne,V1).[V1@1, V1] 
29;1;5;3;190;1;0;0;0;9.861;:~ value(carne,V1).[-V1@1, V1] 
29;1;5;3;190;1;0;0;0;13.723;:~ value(verdure_e_ortaggi,V1).[-V1@1, V1] 
29;1;5;3;190;1;0;0;0;8.941;:~ value(carne,V1).[-V1@1, V1] 
29;1;5;3;190;1;0;0;0;8.527;:~ value(carne,V1).[-V1@1, V1] 
29;1;5;3;190;1;0;0;0;9.168;:~ value(carne,V1).[-V1@5, V1] 
29;1;5;3;190;1;0;0;0;8.817;:~ value(carne,V1).[V1@5, V1] 
29;1;5;3;190;1;0;0;0;13.063;:~ category(1).[-1@1] 
29;1;5;3;190;1;0;0;0;7.952;:~ value(carne,V1).[-V1@1, V1] 
29;1;5;3;190;1;0;0;0;9.072;:~ value(carne,V1).[V1@5, V1] 
29;1;5;3;190;1;0;0;0;9.101;:~ value(carne,V1).[V1@1, V1] 
29;1;5;3;190;1;0;0;0;8.215;:~ value(verdure_e_ortaggi,V1).[V1@5, V1] 
29;1;5;3;190;1;0;0;0;18.376;:~ category(4).[1@4] 
29;1;5;3;190;1;0;0;0;8.12;:~ value(carne,V1).[-V1@5, V1] 
29;1;5;3;190;1;0;0;0;8.838;:~ value(carne,V1).[V1@1, V1] 
29;1;5;3;190;1;0;0;0;8.042;:~ value(carne,V1).[V1@1, V1] 
29;1;5;3;190;1;0;0;0;13.871;:~ category(4).[1@5] 
29;1;5;3;190;1;0;0;0;8.462;:~ category(4).[1@1] 
29;1;5;3;190;1;0;0;0;8.162;:~ value(carne,V1).[V1@5, V1] 
29;1;5;3;190;1;0;0;0;16.059;:~ value(forno,V1).[V1@1, V1] 
29;1;5;3;190;1;0;0;0;12.585;:~ category(4).[1@5] 
29;1;5;3;190;1;0;0;0;9.763;:~ value(carne,V1).[-V1@1, V1] 
29;1;5;3;190;1;0;0;0;14.147;:~ category(4).[1@5] 
29;1;5;3;190;1;0;0;0;9.994;:~ value(carne,V1).[V1@5, V1] 
29;1;5;3;190;1;0;0;0;10.001;:~ value(carne,V1).[V1@1, V1] 
29;1;5;3;190;1;0;0;0;8.92;:~ category(4).[1@5] 
29;1;5;3;190;1;0;0;0;9.381;:~ value(carne,V1).[-V1@5, V1] 
29;1;5;3;190;1;0;0;0;9.685;:~ value(carne,V1).[V1@1, V1] 
29;1;5;3;190;1;0;0;0;9.328;:~ value(carne,V1).[V1@1, V1] 
29;1;5;3;190;1;0;0;0;7043.86;:~ value(erbe_spezie_e_condimenti,V1).[V1@5, V1] :~ value(latticini,V1).[V1@3, V1] :~ value(frutta,V1).[V1@2, V1] :~ value(forno,V1).[V1@4, V1] 
29;1;5;3;190;1;0;0;0;8.696;:~ value(carne,V1).[-V1@5, V1] 
29;1;5;3;190;1;0;0;0;12.876;:~ value(verdure_e_ortaggi,V1).[V1@1, V1] 
29;1;5;3;190;1;0;0;0;12.972;:~ value(verdure_e_ortaggi,V1).[-V1@5, V1] 
29;1;5;3;190;1;0;0;0;8.817;:~ value(carne,V1).[V1@5, V1] 
29;1;5;3;190;1;0;0;0;13.095;:~ value(frittura,V1).[V1@4, V1] 
29;1;5;3;190;1;0;0;0;8.652;:~ value(carne,V1).[V1@1, V1] 
29;1;5;3;190;1;0;0;0;8.705;:~ value(carne,V1).[-V1@5, V1] 
29;1;5;3;190;1;0;0;0;8.788;:~ value(carne,V1).[V1@5, V1] 
29;1;5;3;190;1;0;0;0;8.847;:~ value(carne,V1).[-V1@1, V1] 
29;1;5;3;190;1;0;0;0;8.564;:~ value(carne,V1).[V1@3, V1] 
29;1;5;3;190;1;0;0;0;8.731;:~ value(carne,V1).[V1@5, V1] 
29;1;5;3;190;1;0;0;0;17.142;:~ category(4).[1@1] 
29;1;5;3;190;1;0;0;0;8.902;:~ value(carne,V1).[V1@1, V1] 
29;1;5;3;190;1;0;0;0;27.352;:~ value(verdure_e_ortaggi,V1).[V1@3, V1] 
29;1;5;3;190;1;0;0;0;8.899;:~ category(4).[1@5] 
29;1;5;3;190;1;0;0;0;67362.9;:~ value(frutta,V1).[-V1@4, V1] :~ value(farinacei,V1).[-V1@3, V1] :~ value(pasta,V1).[V1@2, V1] :~ value(forno,V1).[-V1@5, V1] :~ value(verdure_e_ortaggi,V1).[-V1@1, V1] 
29;1;5;3;190;1;0;0;0;6.701;:~ value(carne,V1).[-V1@5, V1] 
29;1;5;3;190;1;0;0;0;690.163;:~ value(erbe_spezie_e_condimenti,V1).[V1@3, V1] 
29;1;5;3;190;1;0;0;0;6.6;:~ value(carne,V1).[V1@1, V1] 
29;1;5;3;190;1;0;0;0;6.515;:~ value(frutta,V1).[V1@1, V1] 
29;1;5;3;190;1;0;0;0;10.038;:~ value(frittura,V1).[V1@5, V1] 
29;1;5;3;190;1;0;0;0;10.228;:~ category(4).[1@5] 
29;1;5;3;190;1;0;0;0;9.889;:~ value(verdure_e_ortaggi,V1).[V1@5, V1] 
29;1;5;3;190;1;0;0;0;10.092;:~ value(verdure_e_ortaggi,V1).[-V1@1, V1] 
29;1;5;3;190;1;0;0;0;6.694;:~ value(carne,V1).[-V1@5, V1] 
14;1;5;3;190;1;0;0;0;18.231;:~ value(pasta,V1).[V1@1, V1] 
14;1;5;3;190;1;0;0;0;9.189;:~ value(carne,V1).[-V1@5, V1] 
14;1;5;3;190;1;0;0;0;9.223;:~ value(carne,V1).[-V1@5, V1] 
14;1;5;3;190;1;0;0;0;9.229;:~ value(carne,V1).[-V1@5, V1] 
14;1;5;3;190;1;0;0;0;9.58;:~ value(carne,V1).[-V1@1, V1] 
14;1;5;3;190;1;0;0;0;9.042;:~ value(carne,V1).[-V1@1, V1] 
14;1;5;3;190;1;0;0;0;14.38;:~ value(frittura,V1).[-V1@5, V1] 
14;1;5;3;190;1;0;0;0;9.031;:~ value(carne,V1).[-V1@1, V1] 
14;1;5;3;190;1;0;0;0;24.041;:~ category(1).[-1@1] 
14;1;5;3;190;1;0;0;0;19.128;:~ category(4).[-1@1] 
14;1;5;3;190;1;0;0;0;9.87;:~ value(carne,V1).[-V1@5, V1] 
14;1;5;3;190;1;0;0;0;9.101;:~ value(carne,V1).[-V1@5, V1] 
14;1;5;3;190;1;0;0;0;9.081;:~ value(carne,V1).[-V1@5, V1] 
14;1;5;3;190;1;0;0;0;9;:~ value(carne,V1).[-V1@1, V1] 
14;1;5;3;190;1;0;0;0;9.184;:~ value(carne,V1).[-V1@5, V1] 
14;1;5;3;190;1;0;0;0;9.701;:~ value(carne,V1).[V1@1, V1] 
14;1;5;3;190;1;0;0;0;13.611;:~ category(1).[-1@1] 
14;1;5;3;190;1;0;0;0;9.154;:~ value(carne,V1).[V1@1, V1] 
14;1;5;3;190;1;0;0;0;9.607;:~ value(carne,V1).[V1@1, V1] 
14;1;5;3;190;1;0;0;0;9.357;:~ value(carne,V1).[V1@1, V1] 
14;1;5;3;190;1;0;0;0;15.191;:~ value(latticini,V1).[-V1@2, V1] 
14;1;5;3;190;1;0;0;0;9.203;:~ value(carne,V1).[V1@5, V1] 
14;1;5;3;190;1;0;0;0;9.873;:~ value(carne,V1).[V1@1, V1] 
14;1;5;3;190;1;0;0;0;9.694;:~ value(carne,V1).[-V1@5, V1] 
14;1;5;3;190;1;0;0;0;18.417;:~ value(erbe_spezie_e_condimenti,V1).[-V1@1, V1] 
14;1;5;3;190;1;0;0;0;14.314;:~ value(verdure_e_ortaggi,V1).[V1@1, V1] 
14;1;5;3;190;1;0;0;0;8.9;:~ value(carne,V1).[-V1@1, V1] 
14;1;5;3;190;1;0;0;0;15.336;:~ category(4).[1@5] 
14;1;5;3;190;1;0;0;0;9.065;:~ value(carne,V1).[V1@1, V1] 
14;1;5;3;190;1;0;0;0;14.217;:~ category(4).[-1@1] 
14;1;5;3;190;1;0;0;0;9.771;:~ value(carne,V1).[V1@1, V1] 
14;1;5;3;190;1;0;0;0;8.773;:~ value(carne,V1).[-V1@5, V1] 
14;1;5;3;190;1;0;0;0;19.747;:~ category(4).[-1@1] 
14;1;5;3;190;1;0;0;0;9.091;:~ value(carne,V1).[-V1@5, V1] 
14;1;5;3;190;1;0;0;0;9.39;:~ value(carne,V1).[V1@1, V1] 
14;1;5;3;190;1;0;0;0;9.484;:~ value(carne,V1).[-V1@5, V1] 
14;1;5;3;190;1;0;0;0;9.052;:~ value(carne,V1).[-V1@1, V1] 
14;1;5;3;190;1;0;0;0;19.668;:~ category(4).[-1@1] 
14;1;5;3;190;1;0;0;0;9.603;:~ value(carne,V1).[-V1@5, V1] 
14;1;5;3;190;1;0;0;0;9.732;:~ value(carne,V1).[-V1@5, V1] 
14;1;5;3;190;1;0;0;0;9.501;:~ value(carne,V1).[-V1@5, V1] 
14;1;5;3;190;1;0;0;0;9.298;:~ value(carne,V1).[-V1@1, V1] 
14;1;5;3;190;1;0;0;0;9.511;:~ value(carne,V1).[V1@5, V1] 
14;1;5;3;190;1;0;0;0;9.186;:~ value(carne,V1).[-V1@1, V1] 
14;1;5;3;190;1;0;0;0;8.89;:~ value(carne,V1).[-V1@5, V1] 
14;1;5;3;190;1;0;0;0;15.403;:~ category(4).[1@1] 
14;1;5;3;190;1;0;0;0;18.881;:~ category(4).[1@1] 
14;1;5;3;190;1;0;0;0;9.375;:~ value(carne,V1).[-V1@5, V1] 
14;1;5;3;190;1;0;0;0;9.109;:~ value(carne,V1).[-V1@1, V1] 
14;1;5;3;190;1;0;0;0;9.63;:~ value(carne,V1).[-V1@5, V1] 
14;1;5;3;190;1;0;0;0;9.182;:~ value(carne,V1).[V1@1, V1] 
14;1;5;3;190;1;0;0;0;9.005;:~ value(carne,V1).[-V1@5, V1] 
14;1;5;3;190;1;0;0;0;15.119;:~ category(1).[1@1] 
14;1;5;3;190;1;0;0;0;14.812;:~ category(4).[-1@1] 
14;1;5;3;190;1;0;0;0;9.225;:~ value(carne,V1).[-V1@1, V1] 
14;1;5;3;190;1;0;0;0;9.672;:~ value(carne,V1).[-V1@5, V1] 
14;1;5;3;190;1;0;0;0;8.993;:~ value(carne,V1).[V1@5, V1] 
14;1;5;3;190;1;0;0;0;9.812;:~ value(carne,V1).[-V1@5, V1] 
14;1;5;3;190;1;0;0;0;8.033;:~ value(verdure_e_ortaggi,V1).[-V1@1, V1] 
14;1;5;3;190;1;0;0;0;9.661;:~ value(carne,V1).[V1@5, V1] 
14;1;5;3;190;1;0;0;0;9.021;:~ value(carne,V1).[V1@1, V1] 
14;1;5;3;190;1;0;0;0;9.346;:~ value(carne,V1).[V1@1, V1] 
14;1;5;3;190;1;0;0;0;14.063;:~ value(frittura,V1).[-V1@5, V1] 
14;1;5;3;190;1;0;0;0;8.677;:~ value(carne,V1).[-V1@5, V1] 
14;1;5;3;190;1;0;0;0;9.117;:~ value(carne,V1).[V1@1, V1] 
14;1;5;3;190;1;0;0;0;8.802;:~ value(carne,V1).[V1@1, V1] 
14;1;5;3;190;1;0;0;0;23.282;:~ value(frittura,V1).[-V1@5, V1] 
14;1;5;3;190;1;0;0;0;9.746;:~ value(carne,V1).[V1@5, V1] 
14;1;5;3;190;1;0;0;0;12.968;:~ value(verdure_e_ortaggi,V1).[V1@1, V1] 
14;1;5;3;190;1;0;0;0;9.094;:~ value(carne,V1).[V1@1, V1] 
14;1;5;3;190;1;0;0;0;10.226;:~ value(carne,V1).[V1@1, V1] 
14;1;5;3;190;1;0;0;0;14.044;:~ category(1).[-1@1] 
14;1;5;3;190;1;0;0;0;8.558;:~ value(carne,V1).[-V1@5, V1] 
14;1;5;3;190;1;0;0;0;17.94;:~ value(latticini,V1).[-V1@5, V1] 
14;1;5;3;190;1;0;0;0;13.332;:~ category(1).[-1@1] 
14;1;5;3;190;1;0;0;0;22.231;:~ value(erbe_spezie_e_condimenti,V1).[-V1@1, V1] 
14;1;5;3;190;1;0;0;0;13.764;:~ value(carne,V1).[V1@1, V1] 
14;1;5;3;190;1;0;0;0;12.54;:~ value(verdure_e_ortaggi,V1).[-V1@1, V1] 
14;1;5;3;190;1;0;0;0;9.138;:~ value(carne,V1).[V1@1, V1] 
14;1;5;3;190;1;0;0;0;14.7;:~ value(verdure_e_ortaggi,V1).[V1@5, V1] 
14;1;5;3;190;1;0;0;0;12.813;:~ category(1).[-1@1] 
14;1;5;3;190;1;0;0;0;9.339;:~ value(carne,V1).[-V1@1, V1] 
14;1;5;3;190;1;0;0;0;8.638;:~ value(carne,V1).[V1@5, V1] 
14;1;5;3;190;1;0;0;0;8.124;:~ value(carne,V1).[-V1@1, V1] 
14;1;5;3;190;1;0;0;0;8.978;:~ value(carne,V1).[V1@1, V1] 
14;1;5;3;190;1;0;0;0;14.792;:~ value(verdure_e_ortaggi,V1).[V1@1, V1] 
14;1;5;3;190;1;0;0;0;8.873;:~ value(carne,V1).[-V1@5, V1] 
14;1;5;3;190;1;0;0;0;8.978;:~ value(carne,V1).[V1@1, V1] 
14;1;5;3;190;1;0;0;0;8.951;:~ value(carne,V1).[V1@1, V1] 
14;1;5;3;190;1;0;0;0;8.106;:~ value(carne,V1).[-V1@1, V1] 
14;1;5;3;190;1;0;0;0;8.651;:~ value(carne,V1).[-V1@5, V1] 
14;1;5;3;190;1;0;0;0;8.242;:~ value(carne,V1).[V1@1, V1] 
14;1;5;3;190;1;0;0;0;8.106;:~ value(carne,V1).[V1@1, V1] 
14;1;5;3;190;1;0;0;0;8.956;:~ value(carne,V1).[-V1@1, V1] 
14;1;5;3;190;1;0;0;0;10.07;:~ value(carne,V1).[-V1@1, V1] 
14;1;5;3;190;1;0;0;0;9;:~ value(carne,V1).[V1@5, V1] 
14;1;5;3;190;1;0;0;0;9.804;:~ value(carne,V1).[-V1@5, V1] 
11;1;5;3;190;1;0;0;0;12.507;:~ value(frittura,V1).[V1@5, V1] 
11;1;5;3;190;1;0;0;0;9.66;:~ value(carne,V1).[-V1@1, V1] 
11;1;5;3;190;1;0;0;0;9.154;:~ value(carne,V1).[V1@1, V1] 
11;1;5;3;190;1;0;0;0;9.073;:~ value(carne,V1).[V1@1, V1] 
11;1;5;3;190;1;0;0;0;13.413;:~ value(verdure_e_ortaggi,V1).[-V1@1, V1] 
11;1;5;3;190;1;0;0;0;8.869;:~ value(carne,V1).[-V1@1, V1] 
11;1;5;3;190;1;0;0;0;18.053;:~ value(verdure_e_ortaggi,V1).[V1@1, V1] 
11;1;5;3;190;1;0;0;0;10.042;:~ value(carne,V1).[V1@5, V1] 
11;1;5;3;190;1;0;0;0;8.942;:~ value(carne,V1).[V1@5, V1] 
11;1;5;3;190;1;0;0;0;15.265;:~ value(verdure_e_ortaggi,V1).[-V1@1, V1] 
11;1;5;3;190;1;0;0;0;9.597;:~ value(carne,V1).[V1@1, V1] 
11;1;5;3;190;1;0;0;0;14.38;:~ category(4).[-1@5] 
11;1;5;3;190;1;0;0;0;9.414;:~ value(carne,V1).[V1@1, V1] 
11;1;5;3;190;1;0;0;0;9.136;:~ value(carne,V1).[-V1@5, V1] 
11;1;5;3;190;1;0;0;0;9.063;:~ value(carne,V1).[V1@5, V1] 
11;1;5;3;190;1;0;0;0;9.093;:~ value(carne,V1).[-V1@5, V1] 
11;1;5;3;190;1;0;0;0;9.203;:~ value(carne,V1).[V1@1, V1] 
11;1;5;3;190;1;0;0;0;8.97;:~ value(carne,V1).[-V1@1, V1] 
11;1;5;3;190;1;0;0;0;9.32;:~ value(carne,V1).[V1@5, V1] 
11;1;5;3;190;1;0;0;0;9.626;:~ value(carne,V1).[-V1@1, V1] 
11;1;5;3;190;1;0;0;0;13.174;:~ value(frittura,V1).[-V1@5, V1] 
11;1;5;3;190;1;0;0;0;18.692;:~ category(4).[1@5] 
11;1;5;3;190;1;0;0;0;9.48;:~ value(carne,V1).[V1@5, V1] 
11;1;5;3;190;1;0;0;0;18.521;:~ value(frittura,V1).[V1@5, V1] 
11;1;5;3;190;1;0;0;0;9.031;:~ value(carne,V1).[-V1@5, V1] 
11;1;5;3;190;1;0;0;0;9.695;:~ value(carne,V1).[-V1@1, V1] 
11;1;5;3;190;1;0;0;0;14.339;:~ value(verdure_e_ortaggi,V1).[-V1@1, V1] 
11;1;5;3;190;1;0;0;0;9.449;:~ value(carne,V1).[V1@5, V1] 
11;1;5;3;190;1;0;0;0;13.488;:~ value(verdure_e_ortaggi,V1).[-V1@1, V1] 
11;1;5;3;190;1;0;0;0;9.655;:~ value(carne,V1).[V1@1, V1] 
11;1;5;3;190;1;0;0;0;9.289;:~ value(carne,V1).[-V1@1, V1] 
11;1;5;3;190;1;0;0;0;14.331;:~ value(frittura,V1).[-V1@5, V1] 
11;1;5;3;190;1;0;0;0;9.322;:~ value(carne,V1).[V1@1, V1] 
11;1;5;3;190;1;0;0;0;18.948;:~ value(pasta,V1).[V1@1, V1] 
11;1;5;3;190;1;0;0;0;9.799;:~ value(carne,V1).[-V1@5, V1] 
11;1;5;3;190;1;0;0;0;13.543;:~ value(verdure_e_ortaggi,V1).[-V1@1, V1] 
11;1;5;3;190;1;0;0;0;9.449;:~ value(carne,V1).[-V1@5, V1] 
11;1;5;3;190;1;0;0;0;14.355;:~ value(frittura,V1).[-V1@5, V1] 
11;1;5;3;190;1;0;0;0;19.12;:~ value(forno,V1).[V1@5, V1] 
11;1;5;3;190;1;0;0;0;18.666;:~ value(verdure_e_ortaggi,V1).[-V1@1, V1] 
11;1;5;3;190;1;0;0;0;8.999;:~ value(carne,V1).[V1@1, V1] 
11;1;5;3;190;1;0;0;0;19.035;:~ value(pasta,V1).[-V1@1, V1] 
11;1;5;3;190;1;0;0;0;8.987;:~ value(carne,V1).[-V1@5, V1] 
11;1;5;3;190;1;0;0;0;19.345;:~ value(erbe_spezie_e_condimenti,V1).[-V1@2, V1] 
11;1;5;3;190;1;0;0;0;9.632;:~ value(carne,V1).[V1@5, V1] 
11;1;5;3;190;1;0;0;0;9.83;:~ value(carne,V1).[-V1@1, V1] 
11;1;5;3;190;1;0;0;0;9.131;:~ value(carne,V1).[V1@5, V1] 
11;1;5;3;190;1;0;0;0;9.703;:~ value(carne,V1).[-V1@1, V1] 
11;1;5;3;190;1;0;0;0;18.523;:~ category(3).[-1@5] 
11;1;5;3;190;1;0;0;0;8.744;:~ value(carne,V1).[V1@5, V1] 
11;1;5;3;190;1;0;0;0;8.901;:~ value(carne,V1).[V1@5, V1] 
11;1;5;3;190;1;0;0;0;17.336;:~ category(3).[1@2] 
11;1;5;3;190;1;0;0;0;17.451;:~ value(verdure_e_ortaggi,V1).[-V1@5, V1] 
11;1;5;3;190;1;0;0;0;12.837;:~ value(verdure_e_ortaggi,V1).[V1@5, V1] 
11;1;5;3;190;1;0;0;0;9.102;:~ value(carne,V1).[V1@5, V1] 
11;1;5;3;190;1;0;0;0;8.393;:~ value(carne,V1).[-V1@1, V1] 
11;1;5;3;190;1;0;0;0;8.532;:~ value(carne,V1).[V1@1, V1] 
11;1;5;3;190;1;0;0;0;17.791;:~ value(forno,V1).[-V1@5, V1] 
11;1;5;3;190;1;0;0;0;16.507;:~ value(forno,V1).[V1@5, V1] 
11;1;5;3;190;1;0;0;0;13.083;:~ category(4).[1@5] 
11;1;5;3;190;1;0;0;0;9.215;:~ value(carne,V1).[-V1@1, V1] 
11;1;5;3;190;1;0;0;0;13.062;:~ category(4).[-1@5] 
11;1;5;3;190;1;0;0;0;13.072;:~ value(verdure_e_ortaggi,V1).[V1@1, V1] 
11;1;5;3;190;1;0;0;0;13.368;:~ category(4).[1@5] 
11;1;5;3;190;1;0;0;0;8.666;:~ value(carne,V1).[-V1@1, V1] 
11;1;5;3;190;1;0;0;0;9.248;:~ value(carne,V1).[-V1@1, V1] 
11;1;5;3;190;1;0;0;0;8.96;:~ value(carne,V1).[V1@1, V1] 
11;1;5;3;190;1;0;0;0;8.779;:~ value(carne,V1).[-V1@1, V1] 
11;1;5;3;190;1;0;0;0;8.123;:~ value(carne,V1).[V1@1, V1] 
11;1;5;3;190;1;0;0;0;8.725;:~ value(carne,V1).[V1@1, V1] 
11;1;5;3;190;1;0;0;0;18.006;:~ category(4).[-1@1] 
11;1;5;3;190;1;0;0;0;8.118;:~ value(carne,V1).[-V1@1, V1] 
11;1;5;3;190;1;0;0;0;8.748;:~ value(carne,V1).[-V1@5, V1] 
11;1;5;3;190;1;0;0;0;8.793;:~ value(carne,V1).[V1@5, V1] 
11;1;5;3;190;1;0;0;0;12.51;:~ value(forno,V1).[-V1@1, V1] 
11;1;5;3;190;1;0;0;0;9.14;:~ value(carne,V1).[-V1@5, V1] 
11;1;5;3;190;1;0;0;0;7.993;:~ value(carne,V1).[-V1@5, V1] 
11;1;5;3;190;1;0;0;0;8.65;:~ value(carne,V1).[-V1@1, V1] 
11;1;5;3;190;1;0;0;0;17.284;:~ value(pasta,V1).[V1@1, V1] 
11;1;5;3;190;1;0;0;0;8.426;:~ value(carne,V1).[-V1@1, V1] 
11;1;5;3;190;1;0;0;0;8.993;:~ value(carne,V1).[V1@5, V1] 
11;1;5;3;190;1;0;0;0;8.322;:~ value(carne,V1).[-V1@5, V1] 
11;1;5;3;190;1;0;0;0;12.608;:~ value(verdure_e_ortaggi,V1).[V1@3, V1] 
11;1;5;3;190;1;0;0;0;8.15;:~ value(carne,V1).[-V1@5, V1] 
11;1;5;3;190;1;0;0;0;12.904;:~ value(verdure_e_ortaggi,V1).[V1@3, V1] 
11;1;5;3;190;1;0;0;0;9.302;:~ value(carne,V1).[-V1@5, V1] 
11;1;5;3;190;1;0;0;0;17.186;:~ value(latticini,V1).[-V1@3, V1] 
11;1;5;3;190;1;0;0;0;8.549;:~ value(carne,V1).[V1@1, V1] 
11;1;5;3;190;1;0;0;0;8.082;:~ value(carne,V1).[-V1@1, V1] 
11;1;5;3;190;1;0;0;0;8.585;:~ value(carne,V1).[-V1@1, V1] 
11;1;5;3;190;1;0;0;0;12.653;:~ category(4).[-1@5] 
11;1;5;3;190;1;0;0;0;8.528;:~ value(carne,V1).[-V1@1, V1] 
11;1;5;3;190;1;0;0;0;12.396;:~ category(4).[-1@5] 
11;1;5;3;190;1;0;0;0;8.201;:~ value(frittura,V1).[V1@5, V1] 
11;1;5;3;190;1;0;0;0;16.915;:~ value(erbe_spezie_e_condimenti,V1).[V1@3, V1] 
11;1;5;3;190;1;0;0;0;10876.8;:~ value(pasta,V1).[V1@1, V1] :~ value(frittura,V1).[-V1@2, V1] :~ value(verdure_e_ortaggi,V1).[-V1@3, V1] 
