USERID;MAXV;MAXP;MAXWC;TRAIN_SIZE;TEST_SIZE;ACCURACYP;PRECISIONP;RECALLP;TRAIN_TIME;THEORY;NUMBER_WC;treshold;F1;F2;F3;F4;F5
0;1;4;3;45;105;0.6253968477249146;0.29679850737253827;0.34782608350118;22.982;:~ value(erbe_spezie_e_condimenti,V1).[-V1@1, V1]:~ value(farinacei,V1).[1@4, V1]:~ value(pesce,V1).[V1@3, V1]:~ value(carne,V1).[-V1@2, V1];4.0;0.0;0.01;0.16661;0.41169;0.41169;0
1;1;4;3;45;105;0.5492063363393148;0.20637945334116617;0.21510672569274902;28.055;:~ value(erbe_spezie_e_condimenti,V1).[V1@1, V1]:~ value(farinacei,V1).[1@3, V1]:~ value(forno,V1).[-V1@2, V1]:~ value(verdure_e_ortaggi,V1).[V1@4, V1];4.0;0.0;0.01;0.02045;0.03273;0.93682;0
2;1;4;3;45;105;0.714285691579183;0.36866358915964764;0.3837012052536011;29.367;:~ value(erbe_spezie_e_condimenti,V1).[V1@2, V1]:~ value(farinacei,V1).[V1@4, V1]:~ value(verdure_e_ortaggi,V1).[-1@3, V1];3.0;0.0;0.0;0.01571;0.13501;0.84928;0
3;1;4;3;45;105;0.6317460139592489;0.3094017108281453;0.3126112222671509;25.421;:~ value(erbe_spezie_e_condimenti,V1).[V1@1, V1]:~ value(farinacei,V1).[V1@3, V1]:~ value(pesce,V1).[V1@2, V1]:~ category(1).[-1@4];4.0;0.0;0.01;0.03682;0.11455;0.83864;0
4;1;4;3;45;105;0.7904761632283529;0.4615955352783203;0.46586044629414874;28.093;:~ value(erbe_spezie_e_condimenti,V1).[-V1@1, V1]:~ value(forno,V1).[1@3, V1]:~ value(pesce,V1).[1@2, V1]:~ category(1).[-1@4];4.0;0.0;0.0275;0.0275;0.445;0.5;0
5;1;4;3;45;105;0.6888888676961263;0.35160818696022034;0.4623931646347046;34.817;:~ value(erbe_spezie_e_condimenti,V1).[-V1@1, V1]:~ value(farinacei,V1).[-V1@3, V1]:~ category(4).[1@2]:~ value(verdure_e_ortaggi,V1).[V1@4, V1];4.0;0.0;0.01;0.01636;0.48682;0.48682;0
6;1;4;3;45;105;0.644444465637207;0.29060471057891846;0.303794264793396;29.044;:~ value(erbe_spezie_e_condimenti,V1).[V1@2, V1]:~ value(verdure_e_ortaggi,V1).[V1@4, V1]:~ category(1).[1@3];3.0;0.0;0.0;0.01571;0.02;0.96429;0
7;1;4;3;45;105;0.5999999841054281;0.42664142449696857;0.3160421848297119;28.724;:~ value(erbe_spezie_e_condimenti,V1).[V1@2, V1]:~ value(farinacei,V1).[-V1@3, V1]:~ category(1).[1@4];3.0;0.0;0.0;0.01571;0.49214;0.49214;0
8;1;4;3;45;105;0.7015873591105143;0.378205140431722;0.3867808977762858;36.435;:~ value(erbe_spezie_e_condimenti,V1).[-V1@3, V1]:~ value(pesce,V1).[V1@1, V1]:~ value(verdure_e_ortaggi,V1).[V1@4, V1];3.0;0.0;0.01;0.0;0.04889;0.94111;0
9;1;4;3;45;105;0.6380952199300131;0.30716049671173096;0.31318187713623047;38.576;:~ value(erbe_spezie_e_condimenti,V1).[V1@1, V1]:~ value(forno,V1).[-1@2, V1]:~ value(farinacei,V1).[-1@3, V1]:~ value(pesce,V1).[-1@4, V1];4.0;0.0;0.01;0.01636;0.47045;0.50318;0
10;1;4;3;45;105;0.7904761632283529;0.45753272374471027;0.45622897148132324;28.584;:~ value(erbe_spezie_e_condimenti,V1).[V1@2, V1]:~ value(carne,V1).[V1@3, V1]:~ category(3).[-1@4];3.0;0.0;0.0;0.01571;0.02;0.96429;0
11;1;4;3;45;105;0.6634920835494995;0.3314669728279114;0.3378465572992961;34.576;:~ value(erbe_spezie_e_condimenti,V1).[1@4, V1]:~ value(erbe_spezie_e_condimenti,V1).[-V1@2, V1]:~ value(farinacei,V1).[-V1@1, V1]:~ value(verdure_e_ortaggi,V1).[1@3, V1];4.0;0.0;0.02625;0.0275;0.45562;0.49062;0
12;1;4;3;45;105;0.714285691579183;0.4972671667734782;0.46362435817718506;27.653;:~ value(pesce,V1).[-V1@4, V1]:~ value(forno,V1).[-1@1, V1]:~ category(4).[-1@2];3.0;0.0;0.01;0.29077;0.0;0.69923;0
13;1;4;3;45;105;0.7142857710520426;0.3965608278910319;0.39368685086568195;40.434;:~ value(erbe_spezie_e_condimenti,V1).[-V1@2, V1]:~ category(4).[1@4]:~ value(verdure_e_ortaggi,V1).[1@3, V1]:~ category(3).[1@1];4.0;0.0;0.01;0.03667;0.455;0.49833;0
14;1;4;3;45;105;0.7269841829935709;0.3759259283542633;0.388275146484375;16.671;:~ value(erbe_spezie_e_condimenti,V1).[-V1@1, V1]:~ value(pesce,V1).[1@4, V1]:~ value(farinacei,V1).[-V1@2, V1]:~ value(verdure_e_ortaggi,V1).[-V1@3, V1];4.0;0.0;0.01;0.05727;0.06545;0.86727;0
15;1;4;3;45;105;0.644444465637207;0.3625901937484741;0.36954490343729657;16.568;:~ value(farinacei,V1).[-1@4, V1]:~ value(pesce,V1).[-V1@2, V1]:~ value(uova,V1).[-V1@3, V1]:~ category(1).[1@1];4.0;0.0;0.01;0.045;0.05333;0.89167;0
16;1;4;3;45;105;0.6634920438130697;0.33183295528093976;0.3554987112681071;32.686;:~ value(erbe_spezie_e_condimenti,V1).[-V1@1, V1]:~ value(farinacei,V1).[-V1@3, V1]:~ value(verdure_e_ortaggi,V1).[V1@2, V1]:~ category(1).[1@4];4.0;0.0;0.01;0.03273;0.47864;0.47864;0
17;1;4;3;45;105;0.5301587581634521;0.27333007256189984;0.2444444497426351;31.56;:~ value(forno,V1).[-V1@2, V1]:~ category(3).[1@3]:~ category(1).[1@4]:~ value(erbe_spezie_e_condimenti,V1), category(3).[V1@1, V1];4.0;0.0;0.01;0.02045;0.03273;0.93682;0
18;1;4;3;45;105;0.7841269969940186;0.4838889042536418;0.4555555582046509;25.625;:~ value(erbe_spezie_e_condimenti,V1).[1@1, V1]:~ value(pesce,V1).[-V1@2, V1]:~ category(1).[-1@4]:~ value(verdure_e_ortaggi,V1).[-V1@3, V1];4.0;0.0;0.01;0.045;0.4725;0.4725;0
19;1;4;3;45;105;0.6761905352274576;0.31699347496032715;0.3298611243565877;23.038;:~ value(erbe_spezie_e_condimenti,V1).[V1@1, V1]:~ value(farinacei,V1).[-1@4, V1]:~ value(carne,V1).[-1@2, V1]:~ value(verdure_e_ortaggi,V1).[-1@3, V1];4.0;0.0;0.01;0.01636;0.03273;0.94091;0
20;1;4;3;45;105;0.6888888676961263;0.3533233404159546;0.3888888756434123;24.687;:~ value(erbe_spezie_e_condimenti,V1).[V1@1, V1]:~ value(forno,V1).[-1@2, V1]:~ value(pesce,V1).[V1@3, V1]:~ category(1).[1@4];4.0;0.0;0.01;0.16661;0.41169;0.41169;0
21;1;4;3;45;105;0.714285691579183;0.5312588612238566;0.42525116602579754;33.947;:~ value(erbe_spezie_e_condimenti,V1).[-V1@3, V1]:~ value(farinacei,V1).[-V1@2, V1]:~ category(1).[-1@4];3.0;0.0;0.0;0.32308;0.33846;0.33846;0
22;1;4;3;45;105;0.7650793393452963;0.44493452707926434;0.4577871958414714;28.61;:~ value(erbe_spezie_e_condimenti,V1).[-V1@1, V1]:~ value(pesce,V1).[1@4, V1]:~ value(forno,V1).[1@3, V1]:~ category(3).[1@2];4.0;0.0;0.01;0.01636;0.47045;0.50318;0
23;1;4;3;45;105;0.7333333492279053;0.7303703625996908;0.48503462473551434;23.019;:~ value(erbe_spezie_e_condimenti,V1).[V1@2, V1]:~ value(farinacei,V1).[-1@3, V1]:~ value(forno,V1).[1@1, V1]:~ value(verdure_e_ortaggi,V1).[-V1@4, V1];4.0;0.0;0.01;0.11;0.23333;0.64667;0
24;1;4;3;45;105;0.7333333492279053;0.5367149511973063;0.5012332598368326;35.051;:~ value(erbe_spezie_e_condimenti,V1).[1@4, V1]:~ value(erbe_spezie_e_condimenti,V1).[V1@1, V1]:~ value(carne,V1).[-1@3, V1]:~ category(3).[-1@2];4.0;0.0;0.01;0.01636;0.47045;0.50318;0
25;1;4;3;45;105;0.5809523661931356;0.25584906339645386;0.2479166587193807;29.921;:~ value(erbe_spezie_e_condimenti,V1).[-V1@2, V1]:~ value(farinacei,V1).[V1@1, V1]:~ value(pesce,V1).[1@3, V1]:~ value(carne,V1).[V1@4, V1];4.0;0.0;0.07787;0.24472;0.24472;0.4327;0
26;1;4;3;45;105;0.5301587184270223;0.19871795177459717;0.20000000794728598;39.48;:~ value(erbe_spezie_e_condimenti,V1).[-V1@3, V1]:~ value(farinacei,V1).[1@4, V1]:~ value(forno,V1).[-V1@1, V1];3.0;0.0;0.01;0.0;0.495;0.495;0
27;1;4;3;45;105;0.676190455754598;0.35151513417561847;0.3887147108713786;24.483;:~ value(erbe_spezie_e_condimenti,V1).[V1@2, V1]:~ category(3).[1@3]:~ category(1).[1@4];3.0;0.0;0.0;0.01571;0.02;0.96429;0
28;1;4;3;45;105;0.5682539542516073;0.23190788427988687;0.2450035015741984;33.896;:~ value(erbe_spezie_e_condimenti,V1).[V1@3, V1]:~ value(forno,V1).[V1@2, V1]:~ value(verdure_e_ortaggi,V1).[1@4, V1]:~ category(3).[1@1];4.0;0.0;0.01;0.025;0.165;0.8;0
29;1;4;3;45;105;0.6571428775787354;0.3343589703241984;0.4287548065185547;19.761;:~ value(erbe_spezie_e_condimenti,V1).[V1@3, V1]:~ value(uova,V1).[-V1@1, V1]:~ value(verdure_e_ortaggi,V1).[-V1@4, V1];3.0;0.0;0.01;0.0;0.0825;0.9075;0
30;1;4;3;45;105;0.6253968079884847;0.29151515165964764;0.2943209807078044;36.785;:~ value(erbe_spezie_e_condimenti,V1).[V1@2, V1]:~ value(farinacei,V1).[V1@1, V1]:~ value(forno,V1).[-V1@3, V1]:~ category(1).[1@4];4.0;0.0;0.01;0.03143;0.47929;0.47929;0
31;1;4;3;45;105;0.5809523661931356;0.2964181105295817;0.24741601943969727;29.824;:~ value(pesce,V1).[-V1@2, V1]:~ value(verdure_e_ortaggi,V1).[-1@1, V1]:~ value(carne,V1).[1@4, V1]:~ category(3).[1@3];4.0;0.0;0.01;0.28161;0.28161;0.42677;0
32;1;4;3;45;105;0.7079365253448486;0.4113301436106364;0.4417397181193034;27.285;:~ value(farinacei,V1).[-1@4, V1]:~ value(pesce,V1).[V1@2, V1]:~ category(1).[-1@1];3.0;0.0;0.01;0.495;0.0;0.495;0
33;1;4;3;45;105;0.6063492298126221;0.3333333333333333;0.2757936517397563;34.155;:~ value(pesce,V1).[-V1@3, V1]:~ category(1).[-1@4]:~ category(3).[1@2]:~ value(uova,V1).[-V1@1, V1];4.0;0.0;0.05634;0.05634;0.44366;0.44366;0
34;1;4;3;45;105;0.5492063363393148;0.388095219930013;0.22308743000030518;28.263;:~ value(erbe_spezie_e_condimenti,V1).[-1@2, V1]:~ value(pesce,V1).[1@3, V1]:~ category(3).[-1@1]:~ category(1).[1@4];4.0;0.0;0.11625;0.12625;0.2525;0.505;0
35;1;4;3;45;105;0.5746031602223715;0.33283114433288574;0.32524510224660236;22.383;:~ value(erbe_spezie_e_condimenti,V1).[1@2, V1]:~ category(4).[-1@4]:~ category(3).[1@3]:~ value(verdure_e_ortaggi,V1).[1@1, V1];4.0;0.0;0.01;0.02;0.04;0.93;0
36;1;4;3;45;105;0.5809524059295654;0.3389861583709717;0.3128205140431722;18.228;:~ value(farinacei,V1).[-V1@4, V1]:~ value(pesce,V1).[-V1@2, V1]:~ value(pesce,V1).[1@3, V1];3.0;0.0;0.0;0.0225;0.0225;0.955;0
37;1;4;3;45;105;0.6126984357833862;0.2942841053009033;0.3004637161890666;34.087;:~ value(erbe_spezie_e_condimenti,V1).[-V1@2, V1]:~ category(3).[1@3]:~ value(verdure_e_ortaggi,V1).[-1@4, V1];3.0;0.0;0.0;0.01571;0.02;0.96429;0
38;1;4;3;45;105;0.6253968079884847;0.28805885712305707;0.2970814307530721;44.144;:~ value(erbe_spezie_e_condimenti,V1).[-V1@2, V1]:~ value(forno,V1).[-1@3, V1]:~ category(3).[-1@4];3.0;0.0;0.0;0.01571;0.02;0.96429;0
39;1;4;3;45;105;0.688888947168986;0.5228758255640665;0.5163278977076212;33.647;:~ value(erbe_spezie_e_condimenti,V1).[1@1, V1]:~ value(carne,V1).[-1@2, V1]:~ value(verdure_e_ortaggi,V1).[-1@3, V1]:~ category(3).[1@4];4.0;0.0;0.01;0.2325;0.2525;0.505;0
40;1;4;3;45;105;0.6000000238418579;0.3462863763173421;0.3468085130055745;37.269;:~ value(erbe_spezie_e_condimenti,V1).[1@1, V1]:~ value(farinacei,V1).[-1@3, V1]:~ value(forno,V1).[-V1@2, V1]:~ category(1).[1@4];4.0;0.0;0.03;0.05;0.42;0.5;0
41;1;4;3;45;105;0.7460317611694336;0.43563318252563477;0.4201001326243083;25.944;:~ value(erbe_spezie_e_condimenti,V1).[-V1@3, V1]:~ value(forno,V1).[-1@1, V1]:~ category(4).[-1@4];3.0;0.0;0.04348;0.0;0.47826;0.47826;0
42;1;4;3;45;105;0.8158729871114095;0.48592591285705566;0.49637683232625324;31.487;:~ value(erbe_spezie_e_condimenti,V1).[-V1@1, V1]:~ value(farinacei,V1).[-1@2, V1]:~ value(forno,V1).[V1@4, V1];3.0;0.0;0.17742;0.17742;0.0;0.64516;0
43;1;4;3;45;105;0.7015873591105143;0.37893279393513996;0.38611563046773273;36.339;:~ value(erbe_spezie_e_condimenti,V1).[V1@1, V1]:~ value(forno,V1).[1@2, V1]:~ value(uova,V1).[-1@4, V1];3.0;0.0;0.01;0.01636;0.0;0.97364;0
44;1;4;3;45;105;0.644444465637207;0.4028749068578084;0.3553960720698039;40.397;:~ value(farinacei,V1).[1@4, V1]:~ value(verdure_e_ortaggi,V1).[1@3, V1]:~ value(carne,V1).[1@1, V1]:~ value(erbe_spezie_e_condimenti,V1), category(3).[-1@2, V1];4.0;0.0;0.01;0.2325;0.2525;0.505;0
45;1;4;3;45;105;0.6507936318715414;0.3166463375091553;0.3427318334579468;28.696;:~ value(erbe_spezie_e_condimenti,V1).[-V1@3, V1]:~ value(pesce,V1).[1@1, V1]:~ category(1).[-1@4];3.0;0.0;0.01;0.0;0.495;0.495;0
46;1;4;3;45;105;0.5682539939880371;0.3333333333333333;0.23801743984222412;31.967;:~ value(pesce,V1).[1@4, V1]:~ value(pesce,V1).[-V1@2, V1]:~ value(carne,V1).[V1@3, V1];3.0;0.0;0.0;0.28742;0.28742;0.42516;0
47;1;4;3;45;105;0.5936508178710938;0.2977726658185323;0.2695707082748413;33.687;:~ value(erbe_spezie_e_condimenti,V1).[-V1@3, V1]:~ value(forno,V1).[-V1@4, V1]:~ category(3).[1@2];3.0;0.0;0.0;0.01;0.03667;0.95333;0
48;1;4;3;45;105;0.8095238208770752;0.4944444497426351;0.4891304175059001;27.692;:~ value(erbe_spezie_e_condimenti,V1).[-V1@1, V1]:~ value(forno,V1).[V1@4, V1]:~ category(3).[1@2];3.0;0.0;0.0275;0.0275;0.0;0.945;0
49;1;4;3;45;105;0.682539701461792;0.3631606499354045;0.3709765275319417;31.566;:~ value(erbe_spezie_e_condimenti,V1).[V1@2, V1]:~ value(carne,V1).[-V1@4, V1]:~ category(1).[1@3];3.0;0.0;0.0;0.01571;0.48214;0.50214;0
50;1;4;3;45;105;0.6190476020177206;0.29993724822998047;0.29797979195912677;44.029;:~ value(erbe_spezie_e_condimenti,V1).[-V1@1, V1]:~ value(verdure_e_ortaggi,V1).[V1@3, V1]:~ category(4).[1@4];3.0;0.0;0.27077;0.0;0.36462;0.36462;0
51;1;4;3;45;105;0.644444465637207;0.31075270970662433;0.3367794354756673;39.158;:~ value(erbe_spezie_e_condimenti,V1).[-V1@3, V1]:~ value(uova,V1).[-1@1, V1]:~ category(1).[-1@4];3.0;0.0;0.04348;0.0;0.47826;0.47826;0
52;1;4;3;45;105;0.5746031602223715;0.33748475710550946;0.24291938543319702;27.442;:~ value(pesce,V1).[-V1@1, V1]:~ value(pesce,V1).[1@4, V1]:~ value(uova,V1).[V1@3, V1];3.0;0.0;0.30991;0.0;0.30991;0.38017;0
53;1;4;3;45;105;0.6317460536956787;0.2718101739883423;0.28882575035095215;27.081;:~ value(erbe_spezie_e_condimenti,V1).[-V1@3, V1]:~ value(farinacei,V1).[-V1@1, V1]:~ category(1).[-1@4];3.0;0.0;0.32308;0.0;0.33846;0.33846;0
0;1;5;3;105;105;0.720634937286377;0.3910256226857503;0.46204280853271484;2995.71;:~ value(erbe_spezie_e_condimenti,V1).[1@4, V1]:~ value(erbe_spezie_e_condimenti,V1).[-V1@1, V1]:~ value(farinacei,V1).[V1@2, V1]:~ value(pesce,V1).[-V1@3, V1]:~ category(1).[1@5];5.0;0.0;0.0275;0.07;0.22977;0.22977;0.44295
1;1;5;3;105;105;0.8031746546427408;0.598447322845459;0.625944177309672;1473.15;:~ value(erbe_spezie_e_condimenti,V1).[1@3, V1]:~ value(forno,V1).[-V1@5, V1]:~ value(frittura,V1).[-V1@2, V1]:~ category(4).[1@1]:~ value(verdure_e_ortaggi,V1).[-V1@4, V1];5.0;0.0;0.01;0.02;0.04;0.25143;0.67857
2;1;5;3;105;105;0.7523810068766276;0.41132638851801556;0.43633278210957843;395.323;:~ value(erbe_spezie_e_condimenti,V1).[V1@1, V1]:~ value(forno,V1).[V1@3, V1]:~ value(carne,V1).[V1@5, V1]:~ category(1).[-1@2]:~ value(verdure_e_ortaggi,V1), category(3).[V1@4, V1];5.0;0.0;0.02445;0.02778;0.05556;0.37128;0.52094
3;1;5;3;105;105;0.8476190567016602;0.5199692646662394;0.5198322137196859;1004.85;:~ value(erbe_spezie_e_condimenti,V1).[-V1@1, V1]:~ value(farinacei,V1).[V1@2, V1]:~ value(pasta,V1).[1@3, V1]:~ category(4).[1@4]:~ value(forno,V1), category(4).[-V1@5, V1];5.0;0.0;0.01;0.0403;0.0403;0.07485;0.83455
4;1;5;3;105;105;0.7015873591105143;0.3670033812522888;0.3693625529607137;1578.92;:~ value(erbe_spezie_e_condimenti,V1).[-V1@1, V1]:~ value(forno,V1).[1@4, V1]:~ value(carne,V1).[-V1@3, V1]:~ value(verdure_e_ortaggi,V1).[-V1@2, V1]:~ value(forno,V1), category(4).[-V1@5, V1];5.0;0.0;0.01;0.03455;0.03455;0.42591;0.495
5;1;5;3;105;105;0.6126983960469564;0.3924483060836792;0.4153289000193278;1310.11;:~ value(erbe_spezie_e_condimenti,V1).[-1@3, V1]:~ value(pesce,V1).[V1@4, V1]:~ category(1).[-1@1]:~ value(verdure_e_ortaggi,V1), category(3).[V1@2, V1]:~ value(forno,V1), category(4).[-1@5, V1];5.0;0.0;0.01759;0.05518;0.16313;0.32747;0.43663
6;1;5;3;105;105;0.6761905352274576;0.3492507537206014;0.3514132897059123;5727.41;:~ value(forno,V1).[V1@3, V1]:~ value(farinacei,V1).[V1@2, V1]:~ value(verdure_e_ortaggi,V1), category(4).[1@4, V1]:~ value(erbe_spezie_e_condimenti,V1), category(3).[V1@5, V1];4.0;0.0;0.0;0.07609;0.1087;0.21739;0.59783
7;1;5;3;105;105;0.6571428775787354;0.4275209903717041;0.4156590700149536;1388.15;:~ value(erbe_spezie_e_condimenti,V1).[-1@3, V1]:~ value(frittura,V1).[V1@1, V1]:~ value(forno,V1).[1@4, V1]:~ value(pasta,V1).[-1@5, V1]:~ value(verdure_e_ortaggi,V1).[V1@2, V1];5.0;0.0;0.01;0.04;0.04;0.2475;0.6625
8;1;5;3;105;105;0.7714285850524902;0.44871795177459717;0.437780499458313;632.476;:~ value(erbe_spezie_e_condimenti,V1).[-V1@1, V1]:~ value(carne,V1).[-1@4, V1]:~ value(verdure_e_ortaggi,V1).[-1@2, V1]:~ category(3).[1@3]:~ value(forno,V1), category(4).[-1@5, V1];5.0;0.0;0.01;0.01727;0.03455;0.06909;0.86909
9;1;5;3;105;105;0.7396825154622396;0.42345190048217773;0.4199717839558919;1047.23;:~ value(farinacei,V1).[1@5, V1]:~ value(frittura,V1).[V1@3, V1]:~ value(pesce,V1).[-V1@2, V1]:~ category(4).[-1@4]:~ value(verdure_e_ortaggi,V1).[-V1@1, V1];5.0;0.0;0.01;0.0225;0.075;0.39375;0.49875
10;1;5;3;105;105;0.8285713990529379;0.4929742415746053;0.5075757503509521;187.929;:~ value(erbe_spezie_e_condimenti,V1).[V1@1, V1]:~ value(farinacei,V1).[-V1@2, V1]:~ value(carne,V1).[V1@5, V1]:~ category(3).[-1@3]:~ value(farinacei,V1), category(3).[V1@4, V1];5.0;0.0;0.01;0.0403;0.0656;0.28553;0.59857
11;1;5;3;105;105;0.7460317611694336;0.4343532721201579;0.4135396480560303;1515.36;:~ value(uova,V1).[-V1@1, V1]:~ value(verdure_e_ortaggi,V1).[-V1@3, V1]:~ category(3).[1@2]:~ value(carne,V1), category(4).[-1@4, V1]:~ value(forno,V1), category(4).[-1@5, V1];5.0;0.0;0.01;0.03008;0.26067;0.26067;0.43858
12;1;5;3;105;105;0.7587301731109619;0.4940171241760254;0.5111111005147299;162.991;:~ value(farinacei,V1).[-V1@1, V1]:~ category(4).[-1@5]:~ value(carne,V1).[-V1@4, V1];3.0;0.0;0.01;0.0;0.0;0.01429;0.97571
13;1;5;3;105;105;0.6253968477249146;0.3296703298886617;0.4473484754562378;2641.23;:~ value(erbe_spezie_e_condimenti,V1).[-1@4, V1]:~ value(farinacei,V1).[-V1@1, V1]:~ value(forno,V1).[-1@3, V1]:~ value(verdure_e_ortaggi,V1), category(4).[-1@5, V1]:~ value(erbe_spezie_e_condimenti,V1), category(3).[V1@2, V1];5.0;0.0;0.01;0.02357;0.21964;0.24893;0.49786
14;1;5;3;105;105;0.7777778307596842;0.4329954783121745;0.43099133173624676;1770.45;:~ value(farinacei,V1).[-V1@3, V1]:~ value(forno,V1).[-V1@2, V1]:~ value(uova,V1).[-V1@4, V1]:~ category(5).[1@5]:~ value(verdure_e_ortaggi,V1).[-1@1, V1];5.0;0.0;0.01;0.02;0.105;0.11333;0.75167
15;1;5;3;105;105;0.7269841829935709;0.4513463576634725;0.4466404914855957;426.44;:~ value(funghi_e_tartufi,V1).[V1@4, V1]:~ value(uova,V1).[-V1@1, V1]:~ value(carne,V1).[-V1@2, V1]:~ category(3).[1@5]:~ value(forno,V1), category(4).[-1@3, V1];5.0;0.0;0.03543;0.08857;0.12514;0.25029;0.50057
16;1;5;3;105;105;0.720634937286377;0.48121694723765057;0.45371556282043457;251.96;:~ value(farinacei,V1).[-V1@4, V1]:~ value(pesce,V1).[V1@3, V1]:~ value(verdure_e_ortaggi,V1).[V1@1, V1]:~ value(pasta,V1), category(3).[-V1@5, V1];4.0;0.0;0.08;0.0;0.105;0.28;0.535
17;1;5;3;105;105;0.7777777512868246;0.4435373942057292;0.485185186068217;628.678;:~ value(erbe_spezie_e_condimenti,V1).[V1@1, V1]:~ value(farinacei,V1).[-1@4, V1]:~ value(pesce,V1).[V1@3, V1]:~ value(carne,V1).[-V1@5, V1]:~ value(uova,V1).[1@2, V1];5.0;0.0;0.01;0.01727;0.05182;0.34534;0.57557
18;1;5;3;105;105;0.7460317611694336;0.4608980019887288;0.4259259303410848;962.751;:~ value(pesce,V1).[-1@1, V1]:~ value(frittura,V1).[-V1@3, V1]:~ value(pasta,V1).[-1@4, V1]:~ category(5).[-1@5]:~ value(carne,V1).[V1@2, V1];5.0;0.0;0.04;0.05;0.1;0.305;0.505
19;1;5;3;105;105;0.7904761632283529;0.4444444576899211;0.4722222487131755;1609.87;:~ value(erbe_spezie_e_condimenti,V1).[-V1@2, V1]:~ value(pesce,V1).[V1@4, V1]:~ value(carne,V1).[V1@3, V1]:~ category(4).[-1@5]:~ value(verdure_e_ortaggi,V1).[V1@1, V1];5.0;0.0;0.01;0.02062;0.03438;0.09656;0.83844
20;1;5;3;105;105;0.6317460139592489;0.46180009841918945;0.3795321782430013;325.381;:~ value(farinacei,V1).[V1@4, V1]:~ value(pesce,V1).[V1@5, V1]:~ value(verdure_e_ortaggi,V1).[-1@3, V1]:~ value(verdure_e_ortaggi,V1).[V1@1, V1]:~ category(3).[1@2];5.0;0.0;0.01;0.015;0.11621;0.38924;0.46955
21;1;5;3;105;105;0.7904762427012125;0.4531290928522746;0.4885290463765462;1999.77;:~ value(erbe_spezie_e_condimenti,V1).[V1@1, V1]:~ value(farinacei,V1).[-1@5, V1]:~ value(funghi_e_tartufi,V1).[-1@3, V1]:~ value(forno,V1).[-V1@2, V1]:~ value(carne,V1), category(4).[-V1@4, V1];5.0;0.0;0.01;0.01727;0.03455;0.06909;0.86909
22;1;5;3;105;105;0.7396825949350992;0.5004140535990397;0.5166616439819336;2323.21;:~ value(erbe_spezie_e_condimenti,V1).[-1@3, V1]:~ value(funghi_e_tartufi,V1).[-1@5, V1]:~ value(pesce,V1).[V1@2, V1]:~ value(verdure_e_ortaggi,V1).[V1@1, V1]:~ value(forno,V1), category(1).[-1@4, V1];5.0;0.0;0.04;0.045;0.18375;0.24375;0.4875
23;1;5;3;105;105;0.688888947168986;0.5249554316202799;0.4398429791132609;241.671;:~ value(farinacei,V1).[-V1@3, V1]:~ value(uova,V1).[1@2, V1]:~ value(carne,V1), category(4).[V1@1, V1]:~ value(forno,V1), category(4).[-V1@4, V1]:~ value(forno,V1), category(1).[-1@5, V1];5.0;0.0;0.01;0.02;0.196;0.325;0.449
24;1;5;3;105;105;0.6380952994028727;0.3018219868342082;0.35213033358256024;728.106;:~ value(forno,V1).[V1@3, V1]:~ value(frittura,V1).[V1@2, V1]:~ value(pasta,V1).[-1@5, V1]:~ value(carne,V1).[V1@4, V1]:~ value(verdure_e_ortaggi,V1).[V1@1, V1];5.0;0.0;0.01;0.015;0.22125;0.25125;0.5025
25;1;5;3;105;105;0.6698412895202637;0.33950618902842206;0.34285712242126465;779.981;:~ value(erbe_spezie_e_condimenti,V1).[-1@2, V1]:~ value(frittura,V1).[1@3, V1]:~ category(5).[1@4]:~ value(verdure_e_ortaggi,V1).[V1@1, V1]:~ value(carne,V1), category(4).[V1@5, V1];5.0;0.0;0.01;0.09806;0.11306;0.22611;0.55278
26;1;5;3;105;105;0.6952381134033203;0.4762086868286133;0.4940171241760254;3955.2;:~ value(erbe_spezie_e_condimenti,V1).[1@5, V1]:~ value(pesce,V1).[V1@3, V1]:~ value(frittura,V1).[-1@4, V1]:~ value(uova,V1).[V1@1, V1]:~ value(verdure_e_ortaggi,V1), category(3).[V1@2, V1];5.0;0.0;0.01;0.04;0.05625;0.40937;0.48437
27;1;5;3;105;105;0.7015873591105143;0.5009705225626627;0.5786137183507284;437.849;:~ value(forno,V1).[V1@5, V1]:~ value(pesce,V1).[1@2, V1]:~ value(pesce,V1).[-V1@1, V1]:~ value(erbe_spezie_e_condimenti,V1), category(3).[V1@3, V1]:~ value(frittura,V1), category(1).[1@4, V1];5.0;0.0;0.0201;0.0234;0.07957;0.38975;0.48718
28;1;5;3;105;105;0.7904761632283529;0.46589144070943195;0.4863731861114502;818.416;:~ value(erbe_spezie_e_condimenti,V1).[V1@1, V1]:~ value(pesce,V1).[-V1@2, V1]:~ value(pasta,V1).[-V1@3, V1]:~ category(1).[-1@5]:~ category(5).[-1@4];5.0;0.0;0.0275;0.045;0.21985;0.23588;0.47176
29;1;5;3;105;105;0.6761905352274576;0.5191618601481119;0.46701884269714355;598.927;:~ value(farinacei,V1).[-1@2, V1]:~ value(uova,V1).[-1@1, V1]:~ value(verdure_e_ortaggi,V1).[1@4, V1]:~ category(4).[1@5]:~ value(verdure_e_ortaggi,V1), category(3).[-V1@3, V1];5.0;0.0;0.01;0.02;0.24;0.24;0.49
30;1;5;3;105;105;0.720634937286377;0.3903197447458903;0.3898765246073405;678.613;:~ value(erbe_spezie_e_condimenti,V1).[1@4, V1]:~ value(erbe_spezie_e_condimenti,V1).[V1@1, V1]:~ value(pesce,V1).[-V1@5, V1]:~ value(forno,V1).[-V1@3, V1]:~ value(frittura,V1).[-V1@2, V1];5.0;0.0;0.01;0.01727;0.08403;0.27156;0.61714
31;1;5;3;105;105;0.6952381134033203;0.37577160199483234;0.37377262115478516;2129.16;:~ value(farinacei,V1).[-V1@2, V1]:~ value(pasta,V1).[-V1@1, V1]:~ value(carne,V1), category(4).[V1@5, V1]:~ value(farinacei,V1), category(4).[V1@4, V1]:~ value(erbe_spezie_e_condimenti,V1), category(4).[-V1@3, V1];5.0;0.0;0.01;0.042;0.066;0.35082;0.53118
32;1;5;3;105;105;0.7650793393452963;0.43939391771952313;0.5011359850565592;1113.76;:~ value(farinacei,V1).[-V1@4, V1]:~ value(carne,V1).[-1@1, V1]:~ category(1).[-1@3]:~ category(3).[-1@2]:~ value(forno,V1), category(4).[-V1@5, V1];5.0;0.0;0.01;0.04313;0.06313;0.44187;0.44187
33;1;5;3;105;105;0.6317460536956787;0.30561912059783936;0.3045634826024373;1952.72;:~ value(erbe_spezie_e_condimenti,V1).[-V1@1, V1]:~ value(pesce,V1).[-V1@4, V1]:~ value(funghi_e_tartufi,V1).[-V1@5, V1]:~ value(forno,V1).[-1@2, V1]:~ value(frittura,V1).[-1@3, V1];5.0;0.0;0.01;0.09465;0.11192;0.33576;0.44768
34;1;5;3;105;105;0.8031745751698812;0.5079364776611328;0.48756829897562665;913.024;:~ value(verdure_e_ortaggi,V1).[1@1, V1]:~ value(carne,V1).[-V1@2, V1]:~ value(uova,V1).[1@3, V1]:~ value(frittura,V1), category(1).[1@4, V1]:~ value(forno,V1), category(4).[1@5, V1];5.0;0.0;0.01;0.10625;0.12625;0.2525;0.505
35;1;5;3;105;105;0.6571428775787354;0.32952455679575604;0.3382352987925212;2194.76;:~ value(farinacei,V1).[V1@1, V1]:~ value(forno,V1).[V1@2, V1]:~ value(funghi_e_tartufi,V1).[1@5, V1]:~ category(3).[1@4]:~ value(verdure_e_ortaggi,V1).[V1@3, V1];5.0;0.0;0.01;0.01429;0.05714;0.43071;0.48786
36;1;5;3;105;105;0.5936507781346639;0.36579163869222003;0.35686274369557697;1709.7;:~ value(funghi_e_tartufi,V1).[V1@4, V1]:~ category(5).[-1@1]:~ value(carne,V1).[V1@2, V1]:~ value(verdure_e_ortaggi,V1), category(4).[V1@5, V1]:~ value(carne,V1), category(4).[-1@3, V1];5.0;0.0;0.01;0.02;0.04;0.08;0.85
37;1;5;3;105;105;0.7523809274037679;0.4281915028889974;0.4469448725382487;354.261;:~ value(farinacei,V1).[-1@4, V1]:~ value(frittura,V1).[-V1@5, V1]:~ value(pesce,V1).[-V1@2, V1]:~ value(carne,V1).[-1@3, V1]:~ value(verdure_e_ortaggi,V1).[-V1@1, V1];5.0;0.0;0.04;0.045;0.06;0.3675;0.4875
38;1;5;3;105;105;0.682539701461792;0.36658962567647296;0.40353302160898846;410.361;:~ value(pesce,V1).[1@5, V1]:~ value(forno,V1).[1@4, V1]:~ value(carne,V1).[-V1@2, V1]:~ category(1).[1@1]:~ value(farinacei,V1), category(4).[V1@3, V1];5.0;0.0;0.01;0.02;0.182;0.182;0.606
39;1;5;3;105;105;0.6253968477249146;0.2844444513320923;0.44308940569559735;439.768;:~ value(erbe_spezie_e_condimenti,V1).[-V1@1, V1]:~ value(verdure_e_ortaggi,V1).[-V1@3, V1]:~ category(1).[1@2]:~ value(carne,V1), category(4).[-V1@4, V1]:~ value(forno,V1), category(4).[-1@5, V1];5.0;0.0;0.01;0.01727;0.06909;0.41727;0.48636
40;1;5;3;105;105;0.6634921232859293;0.33799445629119873;0.3648049831390381;1625.82;:~ value(erbe_spezie_e_condimenti,V1).[-1@4, V1]:~ value(erbe_spezie_e_condimenti,V1).[-V1@1, V1]:~ value(farinacei,V1).[1@2, V1]:~ category(4).[1@3]:~ category(3).[1@5];5.0;0.0;0.06043;0.06043;0.11437;0.26801;0.49676
41;1;5;3;105;105;0.7396825949350992;0.42151467005411786;0.4174047311147054;163.569;:~ value(erbe_spezie_e_condimenti,V1).[-1@4, V1]:~ value(erbe_spezie_e_condimenti,V1).[-V1@1, V1]:~ value(forno,V1).[1@3, V1]:~ value(funghi_e_tartufi,V1).[1@5, V1]:~ value(pesce,V1).[V1@2, V1];5.0;0.0;0.01;0.02591;0.03455;0.43023;0.49932
42;1;5;3;105;105;0.9111111164093018;0.5769696831703186;0.5960144996643066;566.15;:~ value(erbe_spezie_e_condimenti,V1).[-V1@1, V1]:~ value(frittura,V1).[1@3, V1]:~ value(forno,V1).[1@4, V1]:~ value(carne,V1).[-V1@5, V1]:~ category(4).[-1@2];5.0;0.0;0.01;0.09801;0.11529;0.23057;0.54613
43;1;5;3;105;105;0.682539701461792;0.4706127643585205;0.41875795523325604;2109.94;:~ value(forno,V1).[1@5, V1]:~ value(funghi_e_tartufi,V1).[1@4, V1]:~ value(carne,V1).[-1@3, V1]:~ category(3).[-1@1]:~ value(erbe_spezie_e_condimenti,V1), category(3).[-V1@2, V1];5.0;0.0;0.05095;0.09578;0.1219;0.24379;0.48759
44;1;5;3;105;105;0.682539701461792;0.3799412250518799;0.37825624148050946;772.592;:~ value(erbe_spezie_e_condimenti,V1).[V1@1, V1]:~ value(pesce,V1).[1@5, V1]:~ value(carne,V1).[-V1@3, V1]:~ category(3).[-1@2]:~ value(farinacei,V1), category(4).[1@4, V1];5.0;0.0;0.01;0.06442;0.17013;0.25182;0.50364
45;1;5;3;105;105;0.7587301731109619;0.5834957758585612;0.4682729244232178;1087.79;:~ value(frittura,V1).[V1@2, V1]:~ value(uova,V1).[1@1, V1]:~ value(verdure_e_ortaggi,V1).[-1@3, V1]:~ value(erbe_spezie_e_condimenti,V1), category(4).[-V1@4, V1]:~ value(forno,V1), category(4).[-V1@5, V1];5.0;0.0;0.01;0.02;0.09184;0.43208;0.44608
46;1;5;3;105;105;0.6952381134033203;0.3746153910954793;0.3709150155385335;215.08;:~ value(frittura,V1).[-1@3, V1]:~ category(5).[1@2]:~ value(erbe_spezie_e_condimenti,V1), category(4).[V1@4, V1]:~ value(forno,V1), category(4).[-V1@5, V1];4.0;0.0;0.0;0.01;0.03;0.11;0.85
47;1;5;3;105;105;0.7460317611694336;0.4273982842763265;0.47064391771952313;2487.87;:~ value(erbe_spezie_e_condimenti,V1).[-V1@1, V1]:~ value(erbe_spezie_e_condimenti,V1).[-1@5, V1]:~ value(farinacei,V1).[1@4, V1]:~ value(forno,V1).[1@2, V1]:~ value(pesce,V1).[V1@3, V1];5.0;0.0;0.01;0.01727;0.06515;0.08061;0.82697
48;1;5;3;105;105;0.8730158805847168;0.5504022439320883;0.5590062141418457;503.631;:~ value(frittura,V1).[1@3, V1]:~ value(erbe_spezie_e_condimenti,V1).[-V1@1, V1]:~ value(pesce,V1).[-V1@2, V1]:~ value(forno,V1).[1@4, V1]:~ value(carne,V1).[-1@5, V1];5.0;0.0;0.01;0.02591;0.03455;0.06909;0.86045
49;1;5;3;105;105;0.682539701461792;0.4706127643585205;0.41875795523325604;2226.67;:~ value(forno,V1).[1@5, V1]:~ value(carne,V1).[-1@3, V1]:~ value(funghi_e_tartufi,V1).[1@4, V1]:~ category(3).[-1@1]:~ value(erbe_spezie_e_condimenti,V1), category(3).[-V1@2, V1];5.0;0.0;0.05095;0.09578;0.1219;0.24379;0.48759
50;1;5;3;105;105;0.6698412895202637;0.3330623308817546;0.3234981298446655;799.228;:~ value(stufato,V1).[-1@3, V1]:~ value(erbe_spezie_e_condimenti,V1).[V1@1, V1]:~ value(pesce,V1).[1@2, V1]:~ category(3).[-1@4]:~ value(verdure_e_ortaggi,V1), category(4).[-1@5, V1];5.0;0.0;0.01;0.01727;0.03455;0.43455;0.50364
51;1;5;3;105;105;0.7587301731109619;0.5834957758585612;0.4682729244232178;876.71;:~ value(uova,V1).[1@1, V1]:~ value(frittura,V1).[V1@2, V1]:~ value(verdure_e_ortaggi,V1).[-1@3, V1]:~ value(forno,V1), category(4).[-1@5, V1]:~ value(erbe_spezie_e_condimenti,V1), category(4).[-V1@4, V1];5.0;0.0;0.01;0.02;0.09184;0.43208;0.44608
52;1;5;3;105;105;0.7015873591105143;0.3764454523722331;0.3758169809977214;219.45;:~ category(5).[1@2]:~ value(frittura,V1).[-V1@1, V1]:~ value(forno,V1), category(4).[-V1@5, V1]:~ value(erbe_spezie_e_condimenti,V1), category(4).[V1@4, V1];4.0;0.0;0.01;0.02;0.0;0.10267;0.86733
53;1;5;3;105;105;0.7460317611694336;0.4273982842763265;0.47064391771952313;2428.72;:~ value(erbe_spezie_e_condimenti,V1).[-V1@1, V1]:~ value(farinacei,V1).[1@4, V1]:~ value(erbe_spezie_e_condimenti,V1).[-1@5, V1]:~ value(pesce,V1).[V1@3, V1]:~ value(forno,V1).[V1@2, V1];5.0;0.0;0.01;0.01727;0.06515;0.08061;0.82697
0;1;5;3;190;105;0.5682539939880371;0.33259061972300213;0.2956602970759074;3671.84;:~ value(uova,V1).[-V1@1, V1]:~ value(pesce,V1).[-V1@2, V1]:~ value(verdure_e_ortaggi,V1).[-1@3, V1]:~ category(1).[-1@4]:~ value(farinacei,V1), category(4).[-V1@5, V1];5.0;0.0;0.01;0.036;0.07044;0.11044;0.77311
1;1;5;3;190;105;0.6634921232859293;0.38164250055948895;0.34701697031656903;10504.3;:~ value(uova,V1).[-V1@2, V1]:~ value(pesce,V1).[-V1@1, V1]:~ value(farinacei,V1).[-1@3, V1]:~ category(3).[-1@5]:~ value(erbe_spezie_e_condimenti,V1), category(3).[V1@4, V1];5.0;0.0;0.01;0.01556;0.03111;0.21389;0.72944
2;1;5;3;190;105;0.7904761632283529;0.45148611068725586;0.4821731646855672;6362.42;:~ value(farinacei,V1).[-V1@4, V1]:~ value(erbe_spezie_e_condimenti,V1).[V1@1, V1]:~ value(pesce,V1).[-V1@2, V1]:~ value(verdure_e_ortaggi,V1).[1@3, V1]:~ value(carne,V1).[1@5, V1];5.0;0.0;0.01;0.03109;0.03455;0.33218;0.59218
3;1;5;3;190;105;0.8222222328186035;0.5090984503428141;0.4922451178232829;1161.6;:~ value(erbe_spezie_e_condimenti,V1).[-V1@1, V1]:~ value(forno,V1).[-V1@2, V1]:~ category(3).[-1@4]:~ value(pesce,V1), category(3).[-V1@5, V1]:~ value(erbe_spezie_e_condimenti,V1), category(3).[V1@3, V1];5.0;0.0;0.01;0.01727;0.0475;0.23685;0.68837
4;1;5;3;190;105;0.8031745751698812;0.5880341529846191;0.6393297910690308;14162.7;:~ value(forno,V1).[V1@4, V1]:~ value(erbe_spezie_e_condimenti,V1).[-V1@1, V1]:~ value(verdure_e_ortaggi,V1).[-V1@3, V1]:~ category(3).[1@2]:~ value(pesce,V1), category(4).[V1@5, V1];5.0;0.0;0.01288;0.02459;0.06557;0.16978;0.72718
5;1;5;3;190;105;0.6380952596664429;0.4664570093154907;0.39907097816467285;4591.43;:~ value(frittura,V1).[V1@5, V1]:~ value(uova,V1).[V1@1, V1]:~ value(pesce,V1).[-V1@2, V1]:~ value(verdure_e_ortaggi,V1).[V1@3, V1]:~ category(4).[1@4];5.0;0.0;0.015;0.045;0.12;0.17;0.64999
6;1;5;3;190;105;0.6761905352274576;0.39500919977823895;0.4186402161916097;4501.85;:~ value(uova,V1).[1@1, V1]:~ value(frittura,V1).[-1@2, V1]:~ value(verdure_e_ortaggi,V1), category(4).[1@5, V1]:~ value(pesce,V1), category(3).[V1@4, V1]:~ value(erbe_spezie_e_condimenti,V1), category(3).[V1@3, V1];5.0;0.0;0.01;0.02;0.11;0.27;0.59
7;1;5;3;190;105;0.644444465637207;0.560123085975647;0.4104592800140381;58576;:~ value(frittura,V1).[V1@3, V1]:~ value(erbe_spezie_e_condimenti,V1).[V1@1, V1]:~ category(3).[1@2]:~ value(uova,V1), category(3).[1@4, V1]:~ value(pesce,V1), category(3).[V1@5, V1];5.0;0.0;0.01;0.01727;0.04476;0.23063;0.69734
8;1;5;3;190;105;0.6952381134033203;0.4772300720214844;0.5158982674280802;2321.27;:~ value(stufato,V1).[-V1@5, V1]:~ value(farinacei,V1).[1@4, V1]:~ value(verdure_e_ortaggi,V1).[V1@1, V1]:~ category(3).[-1@2]:~ value(erbe_spezie_e_condimenti,V1), category(3).[-1@3, V1];5.0;0.0;0.01;0.095;0.115;0.23;0.55
9;1;5;3;190;105;0.8222222328186035;0.5291949907938639;0.5037864049275717;270.799;:~ value(stufato,V1).[-V1@3, V1]:~ value(uova,V1).[1@5, V1]:~ value(farinacei,V1).[V1@1, V1]:~ value(pesce,V1).[-V1@4, V1]:~ value(verdure_e_ortaggi,V1), category(3).[-V1@2, V1];5.0;0.0;0.01;0.02667;0.1465;0.40521;0.41162
10;1;5;3;190;105;0.7777777512868246;0.46060605843861896;0.45454545815785724;6455.74;:~ value(pesce,V1).[V1@2, V1]:~ value(verdure_e_ortaggi,V1).[-V1@1, V1]:~ category(3).[-1@4]:~ category(1).[-1@5]:~ value(erbe_spezie_e_condimenti,V1), category(3).[V1@3, V1];5.0;0.0;0.01;0.036;0.176;0.176;0.602
11;1;5;3;190;105;0.6253968079884847;0.29961780707041424;0.30870405832926434;201587;:~ value(uova,V1).[V1@1, V1]:~ value(erbe_spezie_e_condimenti,V1).[V1@2, V1]:~ value(pesce,V1).[-V1@3, V1]:~ category(4).[1@4]:~ value(farinacei,V1), category(3).[1@5, V1];5.0;0.0;0.01;0.055;0.108;0.3535;0.4735
12;1;5;3;190;105;0.7015873591105143;0.44103002548217773;0.45171956221262616;2548.71;:~ value(stufato,V1).[1@4, V1]:~ value(uova,V1).[-V1@1, V1]:~ value(erbe_spezie_e_condimenti,V1).[-1@5, V1]:~ value(verdure_e_ortaggi,V1).[1@2, V1]:~ value(erbe_spezie_e_condimenti,V1), category(4).[-V1@3, V1];5.0;0.0;0.01;0.02;0.0825;0.1;0.7875
13;1;5;3;190;105;0.6444444259007772;0.32118703921635944;0.324368675549825;4650.67;:~ value(stufato,V1).[-V1@4, V1]:~ value(erbe_spezie_e_condimenti,V1).[V1@1, V1]:~ value(farinacei,V1).[V1@3, V1]:~ value(verdure_e_ortaggi,V1).[1@2, V1]:~ value(pesce,V1), category(4).[1@5, V1];5.0;0.0;0.01;0.01727;0.07636;0.39273;0.50364
14;1;5;3;190;105;0.7460317611694336;0.4727584520975749;0.7431138356526693;178.734;:~ value(erbe_spezie_e_condimenti,V1).[-1@3, V1]:~ value(farinacei,V1).[-V1@2, V1]:~ value(verdure_e_ortaggi,V1).[-1@1, V1]:~ category(3).[1@4]:~ value(pesce,V1), category(4).[V1@5, V1];5.0;0.0;0.01;0.02333;0.12705;0.17038;0.66923
15;1;5;3;190;105;0.6571428775787354;0.4236001968383789;0.4284646511077881;277.293;:~ value(farinacei,V1).[-V1@4, V1]:~ category(3).[1@5]:~ value(verdure_e_ortaggi,V1), category(3).[-1@3, V1];3.0;0.0;0.0;0.0;0.1485;0.3465;0.505
16;1;5;3;190;105;0.6126984357833862;0.34494948387145996;0.33621056874593097;2365.52;:~ value(uova,V1).[-1@2, V1]:~ value(farinacei,V1).[-1@5, V1]:~ value(pesce,V1).[-V1@1, V1]:~ category(4).[1@4]:~ value(verdure_e_ortaggi,V1), category(3).[V1@3, V1];5.0;0.0;0.01;0.01556;0.12445;0.12445;0.72555
17;1;5;3;190;105;0.7269841829935709;0.38198479016621906;0.4148147900899251;3756.59;:~ value(erbe_spezie_e_condimenti,V1).[-V1@1, V1]:~ value(farinacei,V1).[-1@5, V1]:~ value(pesce,V1).[V1@2, V1]:~ value(verdure_e_ortaggi,V1).[1@3, V1]:~ value(pesce,V1), category(4).[1@4, V1];5.0;0.0;0.01;0.03109;0.03455;0.06909;0.85527
18;1;5;3;190;105;0.6571428775787354;0.38164981206258136;0.32592593630154926;861.789;:~ value(stufato,V1).[-1@5, V1]:~ value(frittura,V1).[-1@3, V1]:~ value(pesce,V1).[-V1@1, V1]:~ category(4).[-1@2];4.0;0.0;0.01;0.23583;0.25139;0.0;0.50278
19;1;5;3;190;105;0.6380952596664429;0.2935396631558736;0.3067129651705424;321.597;:~ value(erbe_spezie_e_condimenti,V1).[-V1@1, V1]:~ value(farinacei,V1).[-V1@5, V1]:~ value(verdure_e_ortaggi,V1).[-1@2, V1]:~ category(3).[1@4]:~ value(erbe_spezie_e_condimenti,V1), category(4).[V1@3, V1];5.0;0.0;0.01;0.01781;0.10796;0.1136;0.75064
20;1;5;3;190;105;0.6571428775787354;0.4275543689727783;0.45204679171244305;422.766;:~ value(stufato,V1).[-V1@1, V1]:~ value(pesce,V1).[1@2, V1]:~ category(1).[1@5]:~ category(4).[1@4]:~ value(erbe_spezie_e_condimenti,V1), category(3).[V1@3, V1];5.0;0.0;0.01;0.02;0.22;0.22;0.53
21;1;5;3;190;105;0.7777778307596842;0.7742014726003011;0.5161193609237671;11259.5;:~ value(uova,V1).[-V1@4, V1]:~ value(erbe_spezie_e_condimenti,V1).[V1@1, V1]:~ value(farinacei,V1).[-V1@3, V1]:~ value(pesce,V1).[-V1@2, V1]:~ value(pesce,V1), category(4).[1@5, V1];5.0;0.0;0.01;0.04682;0.17113;0.27882;0.49323
22;1;5;3;190;105;0.561904788017273;0.23174603780110678;0.2384778062502543;4400.1;:~ value(uova,V1).[-V1@4, V1]:~ value(erbe_spezie_e_condimenti,V1).[-V1@1, V1]:~ value(erbe_spezie_e_condimenti,V1).[1@5, V1]:~ value(verdure_e_ortaggi,V1).[-1@2, V1]:~ category(3).[1@3];5.0;0.0;0.01;0.07576;0.09303;0.31758;0.50364
23;1;5;3;190;105;0.555555542310079;0.22209779421488443;0.2600472768147786;788.498;:~ value(uova,V1).[V1@2, V1]:~ value(erbe_spezie_e_condimenti,V1).[-V1@1, V1]:~ value(pesce,V1).[V1@5, V1]:~ value(farinacei,V1).[-V1@4, V1]:~ category(3).[1@3];5.0;0.0;0.01;0.01727;0.07668;0.22226;0.67379
24;1;5;3;190;105;0.7015872796376547;0.5871913433074951;0.46721963087717694;532.412;:~ value(frittura,V1).[1@5, V1]:~ value(uova,V1).[-1@3, V1]:~ value(erbe_spezie_e_condimenti,V1).[1@4, V1]:~ value(erbe_spezie_e_condimenti,V1).[V1@1, V1]:~ value(verdure_e_ortaggi,V1), category(3).[-1@2, V1];5.0;0.0;0.066;0.066;0.124;0.248;0.496
25;1;5;3;190;105;0.5936508178710938;0.3732943534851074;0.26874999205271405;352.376;:~ value(uova,V1).[V1@1, V1]:~ value(pesce,V1).[-V1@4, V1]:~ category(3).[-1@3]:~ value(verdure_e_ortaggi,V1), category(3).[V1@2, V1]:~ value(farinacei,V1), category(3).[-V1@5, V1];5.0;0.0;0.01;0.04;0.08393;0.24107;0.625
26;1;5;3;190;105;0.6190476417541504;0.2799389759699504;0.32923078536987305;1448.41;:~ value(uova,V1).[-V1@2, V1]:~ value(erbe_spezie_e_condimenti,V1).[V1@1, V1]:~ value(pesce,V1).[-1@3, V1]:~ category(3).[-1@4]:~ category(1).[-1@5];5.0;0.0;0.01833;0.02333;0.04667;0.09333;0.81833
27;1;5;3;190;105;0.6952381134033203;0.3672839403152466;0.41675376892089844;1871.31;:~ value(erbe_spezie_e_condimenti,V1).[V1@1, V1]:~ value(pesce,V1).[1@4, V1]:~ category(1).[1@5]:~ category(3).[1@3]:~ value(verdure_e_ortaggi,V1), category(3).[-V1@2, V1];5.0;0.0;0.01;0.02909;0.03909;0.07818;0.84364
28;1;5;3;190;105;0.7523810068766276;0.43542484442392987;0.4497554302215576;964.212;:~ value(erbe_spezie_e_condimenti,V1).[V1@1, V1]:~ value(erbe_spezie_e_condimenti,V1).[1@3, V1]:~ value(forno,V1).[-V1@5, V1]:~ category(3).[1@4]:~ value(verdure_e_ortaggi,V1), category(3).[-1@2, V1];5.0;0.0;0.01;0.01727;0.04891;0.42018;0.50364
29;1;5;3;190;105;0.5936508178710938;0.2639506260553996;0.34552844365437824;651.527;:~ value(uova,V1).[-V1@1, V1]:~ value(pesce,V1).[V1@5, V1]:~ value(erbe_spezie_e_condimenti,V1).[-V1@2, V1]:~ value(farinacei,V1).[-1@3, V1]:~ value(carne,V1).[V1@4, V1];5.0;0.0;0.01;0.0275;0.04335;0.31521;0.60394
30;1;5;3;190;105;0.7650793393452963;0.4355158805847168;0.4350617329279582;1226.16;:~ value(erbe_spezie_e_condimenti,V1).[V1@3, V1]:~ value(verdure_e_ortaggi,V1).[-V1@2, V1]:~ category(1).[-1@5]:~ category(3).[-1@1]:~ value(pesce,V1), category(4).[-V1@4, V1];5.0;0.0;0.01;0.04;0.11;0.42;0.42
31;1;5;3;190;105;0.6380952596664429;0.3894623915354411;0.30400516589482623;1208.62;:~ value(frittura,V1).[1@5, V1]:~ value(uova,V1).[-1@1, V1]:~ value(erbe_spezie_e_condimenti,V1).[-1@2, V1]:~ value(verdure_e_ortaggi,V1), category(3).[V1@4, V1]:~ value(pesce,V1), category(4).[-V1@3, V1];5.0;0.0;0.02556;0.07113;0.19204;0.28451;0.42676
32;1;5;3;190;105;0.6190476417541504;0.3087843656539917;0.31840312480926514;830.694;:~ value(farinacei,V1).[-V1@4, V1]:~ value(forno,V1).[V1@1, V1]:~ category(3).[1@3]:~ category(4).[1@2]:~ value(pesce,V1), category(4).[1@5, V1];5.0;0.0;0.01;0.02;0.05812;0.40688;0.505
33;1;5;3;190;105;0.6888888676961263;0.353801170984904;0.3571428457895915;1318.82;:~ value(erbe_spezie_e_condimenti,V1).[-V1@1, V1]:~ value(farinacei,V1).[-V1@3, V1]:~ value(pesce,V1).[-V1@4, V1]:~ value(forno,V1).[V1@5, V1]:~ value(verdure_e_ortaggi,V1).[-1@2, V1];5.0;0.0;0.01;0.01727;0.10409;0.24955;0.61909
34;1;5;3;190;105;0.8476190567016602;0.5690011978149414;0.5487705071767172;2312.61;:~ value(frittura,V1).[-V1@1, V1]:~ value(farinacei,V1).[1@4, V1]:~ value(erbe_spezie_e_condimenti,V1).[1@3, V1]:~ value(carne,V1).[-V1@5, V1]:~ value(verdure_e_ortaggi,V1), category(3).[-V1@2, V1];5.0;0.0;0.01;0.02667;0.04;0.08;0.84333
35;1;5;3;190;105;0.7777778307596842;0.6145047744115194;0.5427695910135905;1624.22;:~ value(frittura,V1).[-V1@4, V1]:~ value(erbe_spezie_e_condimenti,V1).[V1@2, V1]:~ value(verdure_e_ortaggi,V1).[-1@1, V1]:~ category(3).[1@5]:~ value(pesce,V1), category(4).[-1@3, V1];5.0;0.0;0.01;0.03667;0.20333;0.25;0.5
36;1;5;3;190;105;0.720634937286377;0.4931056499481201;0.4783308506011963;1724.72;:~ value(pesce,V1).[1@5, V1]:~ value(erbe_spezie_e_condimenti,V1).[V1@1, V1]:~ category(3).[1@4]:~ value(verdure_e_ortaggi,V1), category(3).[-1@3, V1]:~ value(erbe_spezie_e_condimenti,V1), category(3).[-V1@2, V1];5.0;0.0;0.01;0.06909;0.06909;0.13661;0.71521
37;1;5;3;190;105;0.6063491900761923;0.2786324818929036;0.2933715184529622;3044.12;:~ value(uova,V1).[-V1@1, V1]:~ value(erbe_spezie_e_condimenti,V1).[-V1@2, V1]:~ category(1).[-1@5]:~ value(pesce,V1), category(3).[-V1@3, V1]:~ value(farinacei,V1), category(4).[-V1@4, V1];5.0;0.0;0.0118;0.03244;0.1552;0.40028;0.40028
38;1;5;3;190;105;0.7460317611694336;0.4154001871744792;0.4531490008036296;11320.9;:~ value(farinacei,V1).[V1@3, V1]:~ value(forno,V1).[1@1, V1]:~ value(carne,V1).[-V1@4, V1]:~ category(4).[-1@2]:~ value(farinacei,V1), category(3).[-V1@5, V1];5.0;0.0;0.01;0.02;0.105;0.18125;0.68375
39;1;5;3;190;105;0.5936508178710938;0.25696970025698346;0.4139566421508789;11696.4;:~ value(frittura,V1).[V1@4, V1]:~ value(erbe_spezie_e_condimenti,V1).[-V1@1, V1]:~ value(farinacei,V1).[1@2, V1]:~ value(verdure_e_ortaggi,V1).[-V1@5, V1]:~ value(pesce,V1), category(3).[V1@3, V1];5.0;0.0;0.01;0.01727;0.07773;0.21136;0.68364
40;1;5;3;190;105;0.6571428775787354;0.3317859371503194;0.3574172655741374;5303.43;:~ value(uova,V1).[1@3, V1]:~ value(erbe_spezie_e_condimenti,V1).[-V1@1, V1]:~ value(forno,V1).[-V1@2, V1]:~ category(3).[1@5]:~ value(verdure_e_ortaggi,V1), category(4).[V1@4, V1];5.0;0.0;0.01;0.01727;0.04061;0.07515;0.85697
41;1;5;3;190;105;0.7142857710520426;0.385620911916097;0.38814016183217365;1154.56;:~ value(uova,V1).[V1@1, V1]:~ value(erbe_spezie_e_condimenti,V1).[-V1@5, V1]:~ value(farinacei,V1).[V1@2, V1]:~ value(verdure_e_ortaggi,V1), category(3).[1@4, V1];4.0;0.0;0.01;0.08443;0.0;0.15973;0.74584
42;1;5;3;190;105;0.8095238208770752;0.5748766660690308;0.49430640538533527;1982.76;:~ value(frittura,V1).[1@1, V1]:~ category(1).[1@5]:~ value(forno,V1).[V1@3, V1]:~ category(3).[1@4]:~ value(erbe_spezie_e_condimenti,V1), category(3).[-V1@2, V1];5.0;0.0;0.01;0.0275;0.0425;0.0825;0.8375
43;1;5;3;190;105;0.6507936716079712;0.32098766167958576;0.33756136894226074;4278.81;:~ value(erbe_spezie_e_condimenti,V1).[-V1@1, V1]:~ category(1).[1@5]:~ value(verdure_e_ortaggi,V1).[-1@2, V1]:~ category(3).[1@3]:~ value(pesce,V1), category(4).[1@4, V1];5.0;0.0;0.04223;0.04223;0.0976;0.20744;0.6105
44;1;5;3;190;105;0.7968254089355469;0.4662720362345378;0.4766081968943278;2521.54;:~ value(uova,V1).[1@3, V1]:~ value(erbe_spezie_e_condimenti,V1).[-V1@1, V1]:~ category(1).[1@5]:~ value(verdure_e_ortaggi,V1).[V1@2, V1]:~ value(pesce,V1), category(4).[1@4, V1];5.0;0.0;0.01;0.02909;0.04636;0.41091;0.50364
45;1;5;3;190;105;0.7396825154622396;0.5054316520690918;0.5001424153645834;997.167;:~ value(frittura,V1).[-1@3, V1]:~ value(farinacei,V1).[1@2, V1]:~ value(pesce,V1).[-V1@4, V1]:~ value(carne,V1).[-1@5, V1]:~ value(erbe_spezie_e_condimenti,V1), category(3).[-V1@1, V1];5.0;0.0;0.01;0.0438;0.13595;0.39421;0.41603
46;1;5;3;190;105;0.644444465637207;0.3993784189224243;0.3273420532544454;742.891;:~ value(pesce,V1).[V1@5, V1]:~ value(carne,V1).[1@1, V1]:~ category(3).[1@4]:~ category(1).[-1@3];4.0;0.0;0.01;0.0;0.07182;0.09182;0.82636
47;1;5;3;190;105;0.8476190567016602;0.6025691827138265;0.6002209583918253;1482.3;:~ value(uova,V1).[-1@1, V1]:~ value(farinacei,V1).[V1@2, V1]:~ value(carne,V1).[-1@5, V1]:~ category(4).[-1@3]:~ value(erbe_spezie_e_condimenti,V1), category(3).[-V1@4, V1];5.0;0.0;0.01;0.02992;0.04992;0.45508;0.45508
48;1;5;3;190;105;0.7523810068766276;0.539044976234436;0.5368357499440511;2684.21;:~ value(frittura,V1).[1@5, V1]:~ value(forno,V1).[V1@3, V1]:~ category(3).[1@4]:~ value(erbe_spezie_e_condimenti,V1), category(3).[-V1@2, V1];4.0;0.0;0.0;0.01375;0.02;0.04;0.92625
49;1;5;3;190;105;0.5746031999588013;0.32717665036519367;0.40330060323079425;26577.3;:~ value(erbe_spezie_e_condimenti,V1).[-1@2, V1]:~ value(pesce,V1).[V1@3, V1]:~ value(verdure_e_ortaggi,V1).[-1@5, V1]:~ category(1).[1@4]:~ value(uova,V1), category(3).[V1@1, V1];5.0;0.0;0.01;0.06;0.135;0.15;0.645
50;1;5;3;190;105;0.5238095124562582;0.5279076099395752;0.5393408139546713;2206.7;:~ value(pesce,V1).[V1@1, V1]:~ category(3).[-1@5]:~ value(verdure_e_ortaggi,V1), category(3).[V1@3, V1]:~ value(erbe_spezie_e_condimenti,V1), category(3).[-1@2, V1]:~ value(farinacei,V1), category(3).[1@4, V1];5.0;0.0;0.0225;0.0225;0.06;0.09;0.805
51;1;5;3;190;105;0.6126984357833862;0.6320840120315552;0.5533435742060343;1234.6;:~ value(pesce,V1).[-V1@3, V1]:~ value(uova,V1), category(3).[V1@5, V1];2.0;0.0;0.0;0.0;0.018;0.0;0.982
52;1;5;3;190;105;0.4476190408070882;0.4531371593475342;0.4471677541732788;175.246;:~ value(pesce,V1), category(4).[V1@1, V1];1.0;0.0;1.0;0.0;0.0;0.0;0.0
53;1;5;3;190;105;0.714285691579183;0.5580573479334513;0.5926452080408732;3288.01;:~ value(pesce,V1).[V1@2, V1]:~ category(3).[-1@3]:~ category(4).[-1@4]:~ value(erbe_spezie_e_condimenti,V1), category(3).[-V1@5, V1];4.0;0.0;0.0;0.11392;0.11392;0.21519;0.55696
